{
 "rally-version": "2.8.0",
 "rally-revision": null,
 "environment": "local",
 "race-id": "1c40ccd9-0c15-4ac0-8664-5f9c9049e802",
 "race-timestamp": "20230729T211054Z",
 "pipeline": "benchmark-only",
 "user-tags": {},
 "track": "mrirally_encrypted_1",
 "car": [
  "external"
 ],
 "cluster": {
  "revision": "f67ef2df40237445caa70e2fef79471cc608d70d",
  "distribution-version": "8.6.0",
  "distribution-flavor": "default",
  "team-revision": null
 },
 "results": {
  "op_metrics": [
   {
    "task": "index",
    "operation": "index",
    "throughput": {
     "min": 1552.281140151871,
     "mean": 2068.4188238375673,
     "median": 2069.1630669007586,
     "max": 2094.383325773727,
     "unit": "docs/s"
    },
    "latency": {
     "50_0": 438.9296450535767,
     "90_0": 482.5741771841422,
     "99_0": 688.6196423741056,
     "99_9": 810.2041945257253,
     "100_0": 841.5303679648787,
     "mean": 451.99230061564595,
     "unit": "ms"
    },
    "service_time": {
     "50_0": 438.9296450535767,
     "90_0": 482.5741771841422,
     "99_0": 688.6196423741056,
     "99_9": 810.2041945257253,
     "100_0": 841.5303679648787,
     "mean": 451.99230061564595,
     "unit": "ms"
    },
    "processing_time": {
     "50_0": 452.82580197090283,
     "90_0": 497.41726607317105,
     "99_0": 701.3900086539796,
     "99_9": 828.6430345083375,
     "100_0": 851.1009979993105,
     "mean": 465.8222366562113,
     "unit": "ms"
    },
    "error_rate": 0.0,
    "duration": 476856.0516629368
   },
   {
    "task": "default",
    "operation": "default",
    "throughput": {
     "min": 10.088592342119547,
     "mean": 36.7156054003275,
     "median": 38.56088807217655,
     "max": 58.402514912087746,
     "unit": "ops/s"
    },
    "latency": {
     "50_0": 5.204832006711513,
     "90_0": 5.605469818692654,
     "99_0": 7.324921663384885,
     "99_9": 15.483127244282567,
     "100_0": 16.06675097718835,
     "mean": 5.355037831468508,
     "unit": "ms"
    },
    "service_time": {
     "50_0": 5.204832006711513,
     "90_0": 5.605469818692654,
     "99_0": 7.324921663384885,
     "99_9": 15.483127244282567,
     "100_0": 16.06675097718835,
     "mean": 5.355037831468508,
     "unit": "ms"
    },
    "processing_time": {
     "50_0": 6.426894920878112,
     "90_0": 6.95681405486539,
     "99_0": 9.576554888626559,
     "99_9": 17.574985468188537,
     "100_0": 133.8600090239197,
     "mean": 6.745700403465889,
     "unit": "ms"
    },
    "error_rate": 0.0,
    "duration": 12281.76008805167
   },
   {
    "task": "default_1k",
    "operation": "default_1k",
    "throughput": {
     "min": 150.1291161638345,
     "mean": 151.08219309447134,
     "median": 150.7943057330765,
     "max": 152.32030847398536,
     "unit": "ops/s"
    },
    "latency": {
     "50_0": 5.141964473295957,
     "90_0": 5.653135571628809,
     "99_0": 7.388472851598635,
     "99_9": 14.891030869796671,
     "100_0": 23.000807035714388,
     "mean": 5.298704816377722,
     "unit": "ms"
    },
    "service_time": {
     "50_0": 5.141964473295957,
     "90_0": 5.653135571628809,
     "99_0": 7.388472851598635,
     "99_9": 14.891030869796671,
     "100_0": 23.000807035714388,
     "mean": 5.298704816377722,
     "unit": "ms"
    },
    "processing_time": {
     "50_0": 6.340171035844833,
     "90_0": 7.1756838471628726,
     "99_0": 8.80742443492636,
     "99_9": 16.06567426514885,
     "100_0": 24.170790915377438,
     "mean": 6.549645940540358,
     "unit": "ms"
    },
    "error_rate": 0.0,
    "duration": 6952.376289991662
   },
   {
    "task": "term_encrypted",
    "operation": "term_encrypted",
    "throughput": {
     "min": 135.72236207328112,
     "mean": 141.35184378949407,
     "median": 142.0624322950817,
     "max": 143.8143304349648,
     "unit": "ops/s"
    },
    "latency": {
     "50_0": 5.630565981846303,
     "90_0": 5.803607893176377,
     "99_0": 6.740680652437732,
     "99_9": 11.62837824644846,
     "100_0": 47.70447907503694,
     "mean": 5.712643336621113,
     "unit": "ms"
    },
    "service_time": {
     "50_0": 5.630565981846303,
     "90_0": 5.803607893176377,
     "99_0": 6.740680652437732,
     "99_9": 11.62837824644846,
     "100_0": 47.70447907503694,
     "mean": 5.712643336621113,
     "unit": "ms"
    },
    "processing_time": {
     "50_0": 6.768552993889898,
     "90_0": 7.127180218230933,
     "99_0": 7.997881384799257,
     "99_9": 48.8261110883917,
     "100_0": 62.564457999542356,
     "mean": 6.941495701437816,
     "unit": "ms"
    },
    "error_rate": 0.0,
    "duration": 7393.546666949987
   },
   {
    "task": "phrase_encrypted",
    "operation": "phrase_encrypted",
    "throughput": {
     "min": 135.31027088368103,
     "mean": 135.95868397490142,
     "median": 135.92627328116544,
     "max": 136.55835174475862,
     "unit": "ops/s"
    },
    "latency": {
     "50_0": 6.0075115179643035,
     "90_0": 6.154949928168207,
     "99_0": 7.164352689869699,
     "99_9": 11.291691084974799,
     "100_0": 15.215947991237044,
     "mean": 6.094162133871578,
     "unit": "ms"
    },
    "service_time": {
     "50_0": 6.0075115179643035,
     "90_0": 6.154949928168207,
     "99_0": 7.164352689869699,
     "99_9": 11.291691084974799,
     "100_0": 15.215947991237044,
     "mean": 6.094162133871578,
     "unit": "ms"
    },
    "processing_time": {
     "50_0": 7.1614839835092425,
     "90_0": 7.536316546611488,
     "99_0": 8.513840911909938,
     "99_9": 12.416375148110447,
     "100_0": 16.353603918105364,
     "mean": 7.295474295387976,
     "unit": "ms"
    },
    "error_rate": 0.0,
    "duration": 7733.008734998293
   },
   {
    "task": "range_encrypted",
    "operation": "range_encrypted",
    "throughput": {
     "min": 239.86789349699544,
     "mean": 243.32452357289029,
     "median": 243.40035799634535,
     "max": 246.629484801875,
     "unit": "ops/s"
    },
    "latency": {
     "50_0": 2.723600948229432,
     "90_0": 2.788854471873492,
     "99_0": 3.783250901615247,
     "99_9": 6.4264495938550805,
     "100_0": 6.567946984432638,
     "mean": 2.7729484079172835,
     "unit": "ms"
    },
    "service_time": {
     "50_0": 2.723600948229432,
     "90_0": 2.788854471873492,
     "99_0": 3.783250901615247,
     "99_9": 6.4264495938550805,
     "100_0": 6.567946984432638,
     "mean": 2.7729484079172835,
     "unit": "ms"
    },
    "processing_time": {
     "50_0": 3.8606124580837786,
     "90_0": 4.191959090530872,
     "99_0": 5.203673881478607,
     "99_9": 8.109551761304077,
     "100_0": 60.311036999337375,
     "mean": 4.028721355251037,
     "unit": "ms"
    },
    "error_rate": 0.0,
    "duration": 4318.2921500410885
   },
   {
    "task": "real_query_1_encrypted",
    "operation": "real_query_1_encrypted",
    "throughput": {
     "min": 187.4281041914363,
     "mean": 191.9478416511344,
     "median": 192.21071954557146,
     "max": 194.4583317218697,
     "unit": "ops/s"
    },
    "latency": {
     "50_0": 3.4939200268127024,
     "90_0": 4.453158436808735,
     "99_0": 6.166845065308735,
     "99_9": 15.333547496942032,
     "100_0": 89.42991402000189,
     "mean": 3.871099997544661,
     "unit": "ms"
    },
    "service_time": {
     "50_0": 3.4939200268127024,
     "90_0": 4.453158436808735,
     "99_0": 6.166845065308735,
     "99_9": 15.333547496942032,
     "100_0": 89.42991402000189,
     "mean": 3.871099997544661,
     "unit": "ms"
    },
    "processing_time": {
     "50_0": 4.6532684355042875,
     "90_0": 5.742927163373679,
     "99_0": 7.324664565967396,
     "99_9": 16.521536545368996,
     "100_0": 90.54291609209031,
     "mean": 5.0768141525331885,
     "unit": "ms"
    },
    "error_rate": 0.0,
    "duration": 5402.799836010672
   },
   {
    "task": "real_query_3_encrypted",
    "operation": "real_query_3_encrypted",
    "throughput": {
     "min": 15.870824342989046,
     "mean": 16.01050833313742,
     "median": 16.013196832599483,
     "max": 16.07090309422121,
     "unit": "ops/s"
    },