{
 "rally-version": "2.8.0",
 "rally-revision": null,
 "environment": "local",
 "race-id": "5b79c56b-f204-4b8b-8e9c-d83ee1211a1d",
 "race-timestamp": "20230729T154401Z",
 "pipeline": "benchmark-only",
 "user-tags": {},
 "track": "nyc_taxis",
 "car": [
  "external"
 ],
 "cluster": {
  "revision": "f67ef2df40237445caa70e2fef79471cc608d70d",
  "distribution-version": "8.6.0",
  "distribution-flavor": "default",
  "team-revision": null
 },
 "results": {
  "op_metrics": [
   {
    "task": "index",
    "operation": "index",
    "throughput": {
     "min": 33379.550947759766,
     "mean": 35189.625915992605,
     "median": 34607.29462292775,
     "max": 40689.83521194025,
     "unit": "docs/s"
    },
    "latency": {
     "50_0": 1680.149822961539,
     "90_0": 3834.2201364226667,
     "99_0": 10904.862501248772,
     "99_9": 24966.081870861646,
     "99_99": 27161.094452437945,
     "100_0": 27314.549753908068,
     "mean": 2279.0358750972387,
     "unit": "ms"
    },
    "service_time": {
     "50_0": 1680.149822961539,
     "90_0": 3834.2201364226667,
     "99_0": 10904.862501248772,
     "99_9": 24966.081870861646,
     "99_99": 27161.094452437945,
     "100_0": 27314.549753908068,
     "mean": 2279.0358750972387,
     "unit": "ms"
    },
    "processing_time": {
     "50_0": 1699.978549964726,
     "90_0": 3853.1667482107887,
     "99_0": 10919.33765271684,
     "99_9": 24986.50428030668,
     "99_99": 27182.551648777902,
     "100_0": 27333.317197859287,
     "mean": 2299.064586931312,
     "unit": "ms"
    },
    "error_rate": 0.0,
    "duration": 4952328.609358985
   },
   {
    "task": "default_no_target",
    "operation": "default",
    "throughput": {
     "min": 189.19800116018595,
     "mean": 189.19800116018595,
     "median": 189.19800116018595,
     "max": 189.19800116018595,
     "unit": "ops/s"
    },
    "latency": {
     "50_0": 3.86101589538157,
     "90_0": 3.9365203585475683,
     "99_0": 4.937610318884254,
     "100_0": 5.050207022577524,
     "mean": 3.8796425657346845,
     "unit": "ms"
    },
    "service_time": {
     "50_0": 3.86101589538157,
     "90_0": 3.9365203585475683,
     "99_0": 4.937610318884254,
     "100_0": 5.050207022577524,
     "mean": 3.8796425657346845,
     "unit": "ms"
    },
    "processing_time": {
     "50_0": 5.023474106565118,
     "90_0": 5.2819546312093735,
     "99_0": 6.077381279319526,
     "100_0": 6.181195843964815,
     "mean": 5.086384816095233,
     "unit": "ms"
    },
    "error_rate": 0.0,
    "duration": 786.0179259441793
   },
   {
    "task": "default",
    "operation": "default",
    "throughput": {
     "min": 3.019864378457566,
     "mean": 3.032389309986215,
     "median": 3.0294700641181964,
     "max": 3.057217082522464,
     "unit": "ops/s"
    },
    "latency": {
     "50_0": 6.33886712603271,
     "90_0": 6.874162657186389,
     "99_0": 7.553060455247761,
     "100_0": 7.759259548038244,
     "mean": 6.399424318224192,
     "unit": "ms"
    },
    "service_time": {
     "50_0": 3.7913075648248196,
     "90_0": 3.8546672090888023,
     "99_0": 3.9282494643703143,
     "100_0": 4.672149196267128,
     "mean": 3.767454754561186,
     "unit": "ms"
    },
    "processing_time": {
     "50_0": 5.006458610296249,
     "90_0": 5.320225656032562,
     "99_0": 5.882092956453563,
     "100_0": 6.042266264557838,
     "mean": 5.045934510417283,
     "unit": "ms"
    },
    "error_rate": 0.0,
    "duration": 49673.39093564078
   },
   {
    "task": "default_1k",
    "operation": "default_1k",
    "throughput": {
     "min": 3.017924421707169,
     "mean": 3.029196731207281,
     "median": 3.026580747059544,
     "max": 3.051608998862921,
     "unit": "ops/s"
    },
    "latency": {
     "50_0": 36.60858003422618,
     "90_0": 37.11832510307431,
     "99_0": 40.75972746126355,
     "100_0": 42.893451638519764,
     "mean": 36.72109229490161,
     "unit": "ms"
    },
    "service_time": {
     "50_0": 33.900930313393474,
     "90_0": 34.118700260296464,
     "99_0": 38.53119440842421,
     "100_0": 40.68173188716173,
     "mean": 34.02320524211973,
     "unit": "ms"
    },
    "processing_time": {
     "50_0": 35.374093567952514,
     "90_0": 35.7729054056108,
     "99_0": 41.69127299450338,
     "100_0": 42.13724983856082,
     "mean": 35.582940564490855,
     "unit": "ms"
    },
    "error_rate": 0.0,
    "duration": 49673.56475209817
   },
   {
    "task": "range",
    "operation": "range",
    "throughput": {
     "min": 1.125831530960118,
     "mean": 1.1305509899496957,
     "median": 1.1310251173549952,
     "max": 1.1326462020419947,
     "unit": "ops/s"
    },
    "latency": {
     "50_0": 878.5894333850592,
     "90_0": 886.9200087152421,
     "99_0": 892.1916098892691,
     "100_0": 926.5649998560548,
     "mean": 878.7223849631846,
     "unit": "ms"
    },
    "service_time": {
     "50_0": 878.5894333850592,
     "90_0": 886.9200087152421,
     "99_0": 892.1916098892691,
     "100_0": 926.5649998560548,
     "mean": 878.7223849631846,
     "unit": "ms"
    },
    "processing_time": {
     "50_0": 880.1061669364572,
     "90_0": 888.1229554768652,
     "99_0": 893.6024642456325,
     "100_0": 927.903045900166,
     "mean": 880.1347628422081,
     "unit": "ms"
    },
    "error_rate": 0.0,
    "duration": 131388.72577017173
   },
   {
    "task": "distance_amount_agg",
    "operation": "distance_amount_agg",
    "throughput": {
     "min": 0.017985565034373426,
     "mean": 0.018014103805310967,
     "median": 0.01801467720843436,
     "max": 0.018034416055195134,
     "unit": "ops/s"
    },
    "latency": {
     "50_0": 55233.721227385104,
     "90_0": 55560.72051851079,
     "100_0": 55928.67530370131,
     "mean": 55301.05532231741,
     "unit": "ms"
    },
    "service_time": {
     "50_0": 55233.721227385104,
     "90_0": 55560.72051851079,
     "100_0": 55928.67530370131,
     "mean": 55301.05532231741,
     "unit": "ms"
    },
    "processing_time": {
     "50_0": 55235.43937015347,
     "90_0": 55562.25267816335,
     "100_0": 55930.1498667337,
     "mean": 55302.671512030065,
     "unit": "ms"
    },
    "error_rate": 0.0,
    "duration": 5489077.077881899
   },
   {
    "task": "autohisto_agg",
    "operation": "autohisto_agg",
    "throughput": {
     "min": 0.6025669971349564,
     "mean": 0.6091550017104032,
     "median": 0.6099981654903169,
     "max": 0.6127042094646367,
     "unit": "ops/s"
    },
    "latency": {
     "50_0": 1613.7254941277206,
     "90_0": 1632.8244163654745,
     "99_0": 1650.956943058409,
     "100_0": 1688.5395548306406,
     "mean": 1616.601360612549,
     "unit": "ms"
    },
    "service_time": {
     "50_0": 1613.7254941277206,
     "90_0": 1632.8244163654745,
     "99_0": 1650.956943058409,
     "100_0": 1688.5395548306406,
     "mean": 1616.601360612549,
     "unit": "ms"
    },
    "processing_time": {
     "50_0": 1614.9018369615078,
     "90_0": 1634.4948051963001,
     "99_0": 1652.1730349073189,
     "100_0": 1690.8847098238766,
     "mean": 1617.9596227267757,
     "unit": "ms"
    },
    "error_rate": 0.0,
    "duration": 242646.46392781287
   },
   {
    "task": "date_histogram_agg",
    "operation": "date_histogram_agg",
    "throughput": {
     "min": 9.789930258245722,
     "mean": 9.795963109656746,
     "median": 9.79640191883703,
     "max": 9.801824895032793,
     "unit": "ops/s"
    },
    "latency": {
     "50_0": 100.38761678151786,
     "90_0": 102.02405685558915,
     "99_0": 105.71751924231648,
     "100_0": 111.5604960359633,
     "mean": 100.80918949376792,
     "unit": "ms"
    },
    "service_time": {
     "50_0": 100.38761678151786,
     "90_0": 102.02405685558915,
     "99_0": 105.71751924231648,
     "100_0": 111.5604960359633,
     "mean": 100.80918949376792,
     "unit": "ms"
    },
    "processing_time": {
     "50_0": 101.62927489727736,
     "90_0": 103.2339739613235,
     "99_0": 107.02602993231267,
     "100_0": 112.70599206909537,
     "mean": 102.01740542240441,
     "unit": "ms"
    },