{
 "rally-version": "2.8.0",
 "rally-revision": null,
 "environment": "local",
 "race-id": "4f3a86d3-969a-4078-a5cf-66d96516962d",
 "race-timestamp": "20230729T164456Z",
 "pipeline": "benchmark-only",
 "user-tags": {},
 "track": "mrirally",
 "car": [
  "external"
 ],
 "cluster": {
  "revision": "f67ef2df40237445caa70e2fef79471cc608d70d",
  "distribution-version": "8.6.0",
  "distribution-flavor": "default",
  "team-revision": null
 },
 "results": {
  "op_metrics": [
   {
    "task": "index",
    "operation": "index",
    "throughput": {
     "min": 8870.521763937055,
     "mean": 11796.016833625506,
     "median": 11669.614277785657,
     "max": 13136.002271787893,
     "unit": "docs/s"
    },
    "latency": {
     "50_0": 49.168638652190566,
     "90_0": 53.38702495209873,
     "99_0": 169.31832774542272,
     "99_9": 226.49864466534996,
     "100_0": 234.13655813783407,
     "mean": 53.067265638615936,
     "unit": "ms"
    },
    "service_time": {
     "50_0": 49.168638652190566,
     "90_0": 53.38702495209873,
     "99_0": 169.31832774542272,
     "99_9": 226.49864466534996,
     "100_0": 234.13655813783407,
     "mean": 53.067265638615936,
     "unit": "ms"
    },
    "processing_time": {
     "50_0": 55.748177925124764,
     "90_0": 60.49759294837713,
     "99_0": 176.23340805992484,
     "99_9": 233.77104532159933,
     "100_0": 241.3287083618343,
     "mean": 59.721118117682636,
     "unit": "ms"
    },
    "error_rate": 0.0,
    "duration": 88107.70333511755
   },
   {
    "task": "default",
    "operation": "default",
    "throughput": {
     "min": 0.3581003364232226,
     "mean": 1.8171614386336257,
     "median": 1.8126775867658136,
     "max": 3.284728922648219,
     "unit": "ops/s"
    },
    "latency": {
     "50_0": 5.249012494459748,
     "90_0": 5.427796766161919,
     "99_0": 6.788821010850368,
     "99_9": 11.011217186693536,
     "100_0": 15.827784314751625,
     "mean": 5.308494593016803,
     "unit": "ms"
    },
    "service_time": {
     "50_0": 5.249012494459748,
     "90_0": 5.427796766161919,
     "99_0": 6.788821010850368,
     "99_9": 11.011217186693536,
     "100_0": 15.827784314751625,
     "mean": 5.308494593016803,
     "unit": "ms"
    },
    "processing_time": {
     "50_0": 6.479779025539756,
     "90_0": 6.820667395368218,
     "99_0": 8.433147929608818,
     "99_9": 17.12330203271571,
     "100_0": 131.56566629186273,
     "mean": 6.693153674248606,
     "unit": "ms"
    },
    "error_rate": 0.0,
    "duration": 241714.8379366845
   },
   {
    "task": "default_1k",
    "operation": "default_1k",
    "throughput": {
     "min": 150.52198128988732,
     "mean": 150.8757644115271,
     "median": 150.5831323382,
     "max": 151.58398938821384,
     "unit": "ops/s"
    },
    "latency": {
     "50_0": 5.237654782831669,
     "90_0": 5.402019387111068,
     "99_0": 7.061826870776713,
     "99_9": 9.49767495971207,
     "100_0": 13.262814842164516,
     "mean": 5.298320162110031,
     "unit": "ms"
    },
    "service_time": {
     "50_0": 5.237654782831669,
     "90_0": 5.402019387111068,
     "99_0": 7.061826870776713,
     "99_9": 9.49767495971207,
     "100_0": 13.262814842164516,
     "mean": 5.298320162110031,
     "unit": "ms"
    },
    "processing_time": {
     "50_0": 6.448607658967376,
     "90_0": 6.851771892979741,
     "99_0": 8.536714781075716,
     "99_9": 10.963274468202457,
     "100_0": 14.441378880292177,
     "mean": 6.546299950685352,
     "unit": "ms"
    },
    "error_rate": 0.0,
    "duration": 6946.563967969269
   },
   {
    "task": "term",
    "operation": "term",
    "throughput": {
     "min": 131.85743201870804,
     "mean": 133.06239634771396,
     "median": 133.01231898718913,
     "max": 134.14838053177724,
     "unit": "ops/s"
    },
    "latency": {
     "50_0": 6.119687343016267,
     "90_0": 6.292790174484253,
     "99_0": 7.195467310957611,
     "99_9": 14.719527903478935,
     "100_0": 18.53063330054283,
     "mean": 6.190397469326854,
     "unit": "ms"
    },
    "service_time": {
     "50_0": 6.119687343016267,
     "90_0": 6.292790174484253,
     "99_0": 7.195467310957611,
     "99_9": 14.719527903478935,
     "100_0": 18.53063330054283,
     "mean": 6.190397469326854,
     "unit": "ms"
    },
    "processing_time": {
     "50_0": 7.286216598004103,
     "90_0": 7.631287770345807,
     "99_0": 8.611587877385313,
     "99_9": 19.714439908046423,
     "100_0": 62.68936628475785,
     "mean": 7.443672677967697,
     "unit": "ms"
    },
    "error_rate": 0.0,
    "duration": 7894.789710175246
   },
   {
    "task": "phrase",
    "operation": "phrase",
    "throughput": {
     "min": 124.43459641018265,
     "mean": 129.28875933899664,
     "median": 130.24684399212268,
     "max": 130.80575812233184,
     "unit": "ops/s"
    },
    "latency": {
     "50_0": 6.309954449534416,
     "90_0": 6.434122798964381,
     "99_0": 6.904943073168397,
     "99_9": 9.149615162518318,
     "100_0": 14.063917100429535,
     "mean": 6.322378032375127,
     "unit": "ms"
    },
    "service_time": {
     "50_0": 6.309954449534416,
     "90_0": 6.434122798964381,
     "99_0": 6.904943073168397,
     "99_9": 9.149615162518318,
     "100_0": 14.063917100429535,
     "mean": 6.322378032375127,
     "unit": "ms"
    },
    "processing_time": {
     "50_0": 7.47163244523108,
     "90_0": 7.772434968501329,
     "99_0": 8.410126771777868,
     "99_9": 12.173653773963725,
     "100_0": 15.204131603240967,
     "mean": 7.523728037253022,
     "unit": "ms"
    },
    "error_rate": 0.0,
    "duration": 7999.264474958181
   },
   {
    "task": "range",
    "operation": "range",
    "throughput": {
     "min": 99.25815565069384,
     "mean": 106.32345526234293,
     "median": 106.57344242047837,
     "max": 111.46481277779806,
     "unit": "ops/s"
    },
    "latency": {
     "50_0": 7.21847009845078,
     "90_0": 8.118876488879323,
     "99_0": 11.624019197188316,
     "99_9": 19.30648465874281,
     "100_0": 86.6975630633533,
     "mean": 7.601768538355827,
     "unit": "ms"
    },
    "service_time": {
     "50_0": 7.21847009845078,
     "90_0": 8.118876488879323,
     "99_0": 11.624019197188316,
     "99_9": 19.30648465874281,
     "100_0": 86.6975630633533,
     "mean": 7.601768538355827,
     "unit": "ms"
    },
    "processing_time": {
     "50_0": 8.425502572208643,
     "90_0": 9.363245405256748,
     "99_0": 13.231741390191017,
     "99_9": 58.75107822334656,
     "100_0": 87.81919302418828,
     "mean": 8.834597429726273,
     "unit": "ms"
    },
    "error_rate": 0.0,
    "duration": 9375.370271969587
   },
   {
    "task": "real_query_1",
    "operation": "real_query_1",
    "throughput": {
     "min": 103.89100161728457,
     "mean": 104.62449266306635,
     "median": 104.69138888361752,
     "max": 105.6816300781126,
     "unit": "ops/s"
    },
    "latency": {
     "50_0": 8.230608655139804,
     "90_0": 8.433997444808483,
     "99_0": 9.891952248290181,
     "99_9": 13.367465232502047,
     "100_0": 47.80217679217458,
     "mean": 8.32024719659239,
     "unit": "ms"
    },
    "service_time": {
     "50_0": 8.230608655139804,
     "90_0": 8.433997444808483,
     "99_0": 9.891952248290181,
     "99_9": 13.367465232502047,
     "100_0": 47.80217679217458,
     "mean": 8.32024719659239,
     "unit": "ms"
    },
    "processing_time": {
     "50_0": 9.412667015567422,
     "90_0": 9.803173039108515,
     "99_0": 11.149273831397293,
     "99_9": 14.844640926461047,
     "100_0": 49.28616667166352,
     "mean": 9.529745824169368,
     "unit": "ms"
    },
    "error_rate": 0.0,
    "duration": 10065.027446951717
   },
   {
    "task": "real_query_2",
    "operation": "real_query_2",
    "throughput": {
     "min": 12.764762239531118,
     "mean": 12.966733767909666,
     "median": 12.983396043545971,
     "max": 12.988717213603252,
     "unit": "ops/s"
    },
    "latency": {
     "50_0": 75.37124655209482,
     "90_0": 76.5574146527797,
     "99_0": 78.84084422141314,
     "99_9": 80.63608758896598,