{
 "rally-version": "2.8.0",
 "rally-revision": null,
 "environment": "local",
 "race-id": "3ef48c3b-d969-4e47-bed7-11196ad12eec",
 "race-timestamp": "20230727T103052Z",
 "pipeline": "benchmark-only",
 "user-tags": {},
 "track": "mrirally",
 "car": [
  "external"
 ],
 "cluster": {
  "revision": "f67ef2df40237445caa70e2fef79471cc608d70d",
  "distribution-version": "8.6.0",
  "distribution-flavor": "default",
  "team-revision": null
 },
 "results": {
  "op_metrics": [
   {
    "task": "index",
    "operation": "index",
    "throughput": {
     "min": 4669.5757551467095,
     "mean": 8002.173023575649,
     "median": 8321.11698711961,
     "max": 9011.821867589862,
     "unit": "docs/s"
    },
    "latency": {
     "50_0": 87.06248097587377,
     "90_0": 115.73218386620285,
     "99_0": 224.00538893183673,
     "99_9": 377.8097599900794,
     "100_0": 378.27129615470767,
     "mean": 96.08406470716,
     "unit": "ms"
    },
    "service_time": {
     "50_0": 87.06248097587377,
     "90_0": 115.73218386620285,
     "99_0": 224.00538893183673,
     "99_9": 377.8097599900794,
     "100_0": 378.27129615470767,
     "mean": 96.08406470716,
     "unit": "ms"
    },
    "processing_time": {
     "50_0": 92.69125247374177,
     "90_0": 121.49129938334228,
     "99_0": 229.5107658766208,
     "99_9": 383.80250983918086,
     "100_0": 383.86923796497285,
     "mean": 101.85707944328897,
     "unit": "ms"
    },
    "error_rate": 0.0,
    "duration": 110755.70584996603
   },
   {
    "task": "default",
    "operation": "default",
    "throughput": {
     "min": 3.3511463014202785,
     "mean": 22.407638015541508,
     "median": 23.742905854990276,
     "max": 37.5671998701065,
     "unit": "ops/s"
    },
    "latency": {
     "50_0": 8.23618401773274,
     "90_0": 9.31730221491307,
     "99_0": 12.296064614783973,
     "99_9": 15.078172340756364,
     "100_0": 15.980672091245651,
     "mean": 8.43822722765617,
     "unit": "ms"
    },
    "service_time": {
     "50_0": 8.23618401773274,
     "90_0": 9.31730221491307,
     "99_0": 12.296064614783973,
     "99_9": 15.078172340756364,
     "100_0": 15.980672091245651,
     "mean": 8.43822722765617,
     "unit": "ms"
    },
    "processing_time": {
     "50_0": 9.518555016256869,
     "90_0": 10.613728268072009,
     "99_0": 13.490444938652217,
     "99_9": 16.633372920099696,
     "100_0": 17.181772040203214,
     "mean": 9.7243975372985,
     "unit": "ms"
    },
    "error_rate": 0.0,
    "duration": 18794.590765843168
   },
   {
    "task": "default_1k",
    "operation": "default_1k",
    "throughput": {
     "min": 90.76095289073373,
     "mean": 99.05794869607311,
     "median": 100.0109551862637,
     "max": 102.29338823853696,
     "unit": "ops/s"
    },
    "latency": {
     "50_0": 7.99108250066638,
     "90_0": 8.989545982331038,
     "99_0": 14.965232752729206,
     "99_9": 17.59563720971357,
     "100_0": 18.814767943695188,
     "mean": 8.272727665258572,
     "unit": "ms"
    },
    "service_time": {
     "50_0": 7.99108250066638,
     "90_0": 8.989545982331038,
     "99_0": 14.965232752729206,
     "99_9": 17.59563720971357,
     "100_0": 18.814767943695188,
     "mean": 8.272727665258572,
     "unit": "ms"
    },
    "processing_time": {
     "50_0": 9.267660439945757,
     "90_0": 10.408485983498394,
     "99_0": 16.278061238117512,
     "99_9": 20.366981689820623,
     "100_0": 47.221858985722065,
     "mean": 9.594884928083047,
     "unit": "ms"
    },
    "error_rate": 0.0,
    "duration": 10260.459712008014
   },
   {
    "task": "term",
    "operation": "term",
    "throughput": {
     "min": 74.97419708883817,
     "mean": 81.36802236777534,
     "median": 81.77214065802553,
     "max": 86.9794543041344,
     "unit": "ops/s"
    },
    "latency": {
     "50_0": 9.399732458405197,
     "90_0": 11.979421647265553,
     "99_0": 17.98067612806335,
     "99_9": 26.35389556107152,
     "100_0": 30.87084204889834,
     "mean": 10.00754236523062,
     "unit": "ms"
    },
    "service_time": {
     "50_0": 9.399732458405197,
     "90_0": 11.979421647265553,
     "99_0": 17.98067612806335,
     "99_9": 26.35389556107152,
     "100_0": 30.87084204889834,
     "mean": 10.00754236523062,
     "unit": "ms"
    },
    "processing_time": {
     "50_0": 10.622511501424015,
     "90_0": 13.221779721789062,
     "99_0": 19.617380213458087,
     "99_9": 32.03395963949453,
     "100_0": 65.50595094449818,
     "mean": 11.283457993762568,
     "unit": "ms"
    },
    "error_rate": 0.0,
    "duration": 12049.070469802245
   },
   {
    "task": "phrase",
    "operation": "phrase",
    "throughput": {
     "min": 67.75198175243689,
     "mean": 87.55158567844661,
     "median": 89.93883358888333,
     "max": 92.76873651659106,
     "unit": "ops/s"
    },
    "latency": {
     "50_0": 8.854672545567155,
     "90_0": 10.112008731812239,
     "99_0": 14.344026211183511,
     "99_9": 27.127842612099524,
     "100_0": 34.01641990058124,
     "mean": 9.202718650456518,
     "unit": "ms"
    },
    "service_time": {
     "50_0": 8.854672545567155,
     "90_0": 10.112008731812239,
     "99_0": 14.344026211183511,
     "99_9": 27.127842612099524,
     "100_0": 34.01641990058124,
     "mean": 9.202718650456518,
     "unit": "ms"
    },
    "processing_time": {
     "50_0": 10.065331007353961,
     "90_0": 11.440629907883704,
     "99_0": 16.399981426075094,
     "99_9": 35.15688891383019,
     "100_0": 49.68730080872774,
     "mean": 10.465165432309732,
     "unit": "ms"
    },
    "error_rate": 0.0,
    "duration": 11279.79708998464
   },
   {
    "task": "range",
    "operation": "range",
    "throughput": {
     "min": 79.74646113889523,
     "mean": 87.05908845965364,
     "median": 87.34003397441114,
     "max": 89.69212087870233,
     "unit": "ops/s"
    },
    "latency": {
     "50_0": 9.109937935136259,
     "90_0": 10.867195622995496,
     "99_0": 20.877866700757288,
     "99_9": 49.048827137566654,
     "100_0": 64.74533304572105,
     "mean": 9.614979955600575,
     "unit": "ms"
    },
    "service_time": {
     "50_0": 9.109937935136259,
     "90_0": 10.867195622995496,
     "99_0": 20.877866700757288,
     "99_9": 49.048827137566654,
     "100_0": 64.74533304572105,
     "mean": 9.614979955600575,
     "unit": "ms"
    },
    "processing_time": {
     "50_0": 10.319513967260718,
     "90_0": 12.080715293996036,
     "99_0": 22.940624807961267,
     "99_9": 50.50868932251026,
     "100_0": 65.90545596554875,
     "mean": 10.885414995718747,
     "unit": "ms"
    },
    "error_rate": 0.0,
    "duration": 11628.949843114242
   },
   {
    "task": "real_query_1",
    "operation": "real_query_1",
    "throughput": {
     "min": 49.56574642373192,
     "mean": 76.03284179640754,
     "median": 80.43743233422943,
     "max": 83.64086065838409,
     "unit": "ops/s"
    },
    "latency": {
     "50_0": 9.510320494882762,
     "90_0": 11.486472189426422,
     "99_0": 25.62863824190572,
     "99_9": 27.34891595249073,
     "100_0": 28.326896019279957,
     "mean": 10.158353894716129,
     "unit": "ms"
    },
    "service_time": {
     "50_0": 9.510320494882762,
     "90_0": 11.486472189426422,
     "99_0": 25.62863824190572,
     "99_9": 27.34891595249073,
     "100_0": 28.326896019279957,
     "mean": 10.158353894716129,
     "unit": "ms"
    },
    "processing_time": {
     "50_0": 10.766805498860776,
     "90_0": 12.723502772860229,
     "99_0": 26.86273696599528,
     "99_9": 29.52312904619899,
     "100_0": 61.36547401547432,
     "mean": 11.456260693492368,
     "unit": "ms"
    },
    "error_rate": 0.0,
    "duration": 12465.980696957558
   },
   {
    "task": "real_query_2",
    "operation": "real_query_2",
    "throughput": {
     "min": 43.30718650797607,
     "mean": 49.10780469864669,
     "median": 49.96518588433214,
     "max": 50.70958216937272,
     "unit": "ops/s"
    },
    "latency": {
     "50_0": 17.778537003323436,
     "90_0": 19.245079602114856,
     "99_0": 23.651056396774948,