{
 "rally-version": "2.8.0",
 "rally-revision": null,
 "environment": "local",
 "race-id": "12e43412-b85b-4760-bff5-8eb206c86dcf",
 "race-timestamp": "20230729T122054Z",
 "pipeline": "benchmark-only",
 "user-tags": {},
 "track": "nyc_taxis",
 "car": [
  "external"
 ],
 "cluster": {
  "revision": "f67ef2df40237445caa70e2fef79471cc608d70d",
  "distribution-version": "8.6.0",
  "distribution-flavor": "default",
  "team-revision": null
 },
 "results": {
  "op_metrics": [
   {
    "task": "index",
    "operation": "index",
    "throughput": {
     "min": 38836.68652215018,
     "mean": 39416.02272536751,
     "median": 39400.725940405915,
     "max": 40627.69983853005,
     "unit": "docs/s"
    },
    "latency": {
     "50_0": 1418.4200409799814,
     "90_0": 1778.5119724459946,
     "99_0": 14020.436174198989,
     "99_9": 23030.963712485755,
     "99_99": 31413.98142957704,
     "100_0": 36845.862980000675,
     "mean": 1889.2970133576944,
     "unit": "ms"
    },
    "service_time": {
     "50_0": 1418.4200409799814,
     "90_0": 1778.5119724459946,
     "99_0": 14020.436174198989,
     "99_9": 23030.963712485755,
     "99_99": 31413.98142957704,
     "100_0": 36845.862980000675,
     "mean": 1889.2970133576944,
     "unit": "ms"
    },
    "processing_time": {
     "50_0": 1439.7242809645832,
     "90_0": 1799.9313807114963,
     "99_0": 14040.15568388627,
     "99_9": 23050.83670385209,
     "99_99": 31431.621405043425,
     "100_0": 36876.0622870177,
     "mean": 1910.5532463521683,
     "unit": "ms"
    },
    "error_rate": 0.0,
    "duration": 4255224.087808281
   },
   {
    "task": "default_no_target",
    "operation": "default",
    "throughput": {
     "min": 171.11999725836185,
     "mean": 171.11999725836185,
     "median": 171.11999725836185,
     "max": 171.11999725836185,
     "unit": "ops/s"
    },
    "latency": {
     "50_0": 4.110250156372786,
     "90_0": 4.983083019033074,
     "99_0": 5.603096219711016,
     "100_0": 7.691056001931429,
     "mean": 4.310545842163265,
     "unit": "ms"
    },
    "service_time": {
     "50_0": 4.110250156372786,
     "90_0": 4.983083019033074,
     "99_0": 5.603096219711016,
     "100_0": 7.691056001931429,
     "mean": 4.310545842163265,
     "unit": "ms"
    },
    "processing_time": {
     "50_0": 5.454403115436435,
     "90_0": 6.214016349986196,
     "99_0": 7.0176436007022955,
     "100_0": 8.848610334098339,
     "mean": 5.583317382261157,
     "unit": "ms"
    },
    "error_rate": 0.0,
    "duration": 866.0901081748307
   },
   {
    "task": "default",
    "operation": "default",
    "throughput": {
     "min": 3.016614924507869,
     "mean": 3.0270975336163026,
     "median": 3.0246624159994977,
     "max": 3.0477545169804965,
     "unit": "ops/s"
    },
    "latency": {
     "50_0": 6.725272396579385,
     "90_0": 7.540543703362346,
     "99_0": 8.1481897784397,
     "100_0": 8.194488938897848,
     "mean": 6.821331619285047,
     "unit": "ms"
    },
    "service_time": {
     "50_0": 4.024151945486665,
     "90_0": 4.520948324352503,
     "99_0": 5.30158592388034,
     "100_0": 5.432561039924622,
     "mean": 4.155735038220882,
     "unit": "ms"
    },
    "processing_time": {
     "50_0": 5.360395181924105,
     "90_0": 5.8388622011989355,
     "99_0": 6.5409332793205985,
     "100_0": 6.661451887339354,
     "mean": 5.467360592447221,
     "unit": "ms"
    },
    "error_rate": 0.0,
    "duration": 49674.3237990886
   },
   {
    "task": "default_1k",
    "operation": "default_1k",
    "throughput": {
     "min": 3.0177096800658045,
     "mean": 3.028882520573473,
     "median": 3.0262905048084843,
     "max": 3.0510609994787967,
     "unit": "ops/s"
    },
    "latency": {
     "50_0": 39.19967939145863,
     "90_0": 40.62321977689862,
     "99_0": 43.595703179016716,
     "100_0": 44.303884729743004,
     "mean": 39.381768428720534,
     "unit": "ms"
    },
    "service_time": {
     "50_0": 36.40721878036857,
     "90_0": 37.632557190954685,
     "99_0": 39.938387940637774,
     "100_0": 41.24510707333684,
     "mean": 36.653825072571635,
     "unit": "ms"
    },
    "processing_time": {
     "50_0": 37.934418534860015,
     "90_0": 39.14499687962234,
     "99_0": 41.413924447260804,
     "100_0": 42.68088284879923,
     "mean": 38.18300339858979,
     "unit": "ms"
    },
    "error_rate": 0.0,
    "duration": 49673.68138581514
   },
   {
    "task": "range",
    "operation": "range",
    "throughput": {
     "min": 0.8229159863036241,
     "mean": 0.8966337050079349,
     "median": 0.904472534193788,
     "max": 0.9359110274016821,
     "unit": "ops/s"
    },
    "latency": {
     "50_0": 988.8977266382426,
     "90_0": 1010.1370086893439,
     "99_0": 1020.7116477563977,
     "100_0": 1023.0621667578816,
     "mean": 991.6814329428598,
     "unit": "ms"
    },
    "service_time": {
     "50_0": 988.8977266382426,
     "90_0": 1010.1370086893439,
     "99_0": 1020.7116477563977,
     "100_0": 1023.0621667578816,
     "mean": 991.6814329428598,
     "unit": "ms"
    },
    "processing_time": {
     "50_0": 990.3300574515015,
     "90_0": 1011.575818574056,
     "99_0": 1022.1262252517045,
     "100_0": 1024.243569932878,
     "mean": 993.0973655218259,
     "unit": "ms"
    },
    "error_rate": 0.0,
    "duration": 153880.32368011773
   },
   {
    "task": "distance_amount_agg",
    "operation": "distance_amount_agg",
    "throughput": {
     "min": 0.01634963860944852,
     "mean": 0.016558051568601063,
     "median": 0.01657509877753536,
     "max": 0.016690377796858304,
     "unit": "ops/s"
    },
    "latency": {
     "50_0": 58648.62725650892,
     "90_0": 58912.64502527192,
     "100_0": 59222.03072020784,
     "mean": 58668.84196668863,
     "unit": "ms"
    },
    "service_time": {
     "50_0": 58648.62725650892,
     "90_0": 58912.64502527192,
     "100_0": 59222.03072020784,
     "mean": 58668.84196668863,
     "unit": "ms"
    },
    "processing_time": {
     "50_0": 58650.82429093309,
     "90_0": 58914.23589573242,
     "100_0": 59223.63387001678,
     "mean": 58670.50948470831,
     "unit": "ms"
    },
    "error_rate": 0.0,
    "duration": 5811145.300914999
   },
   {
    "task": "autohisto_agg",
    "operation": "autohisto_agg",
    "throughput": {
     "min": 0.4811224204768876,
     "mean": 0.5284293335874782,
     "median": 0.5332634220888776,
     "max": 0.5540422835646422,
     "unit": "ops/s"
    },
    "latency": {
     "50_0": 1662.3489914927632,
     "90_0": 1687.1822436805815,
     "99_0": 1726.0738724842668,
     "100_0": 1736.58000305295,
     "mean": 1662.3743778234348,
     "unit": "ms"
    },
    "service_time": {
     "50_0": 1662.3489914927632,
     "90_0": 1687.1822436805815,
     "99_0": 1726.0738724842668,
     "100_0": 1736.58000305295,
     "mean": 1662.3743778234348,
     "unit": "ms"
    },
    "processing_time": {
     "50_0": 1663.8448119629174,
     "90_0": 1688.5783859994262,
     "99_0": 1727.2544771945104,
     "100_0": 1738.043540623039,
     "mean": 1663.726842678152,
     "unit": "ms"
    },
    "error_rate": 0.0,
    "duration": 258791.80655814707
   },
   {
    "task": "date_histogram_agg",
    "operation": "date_histogram_agg",
    "throughput": {
     "min": 13.946488334729326,
     "mean": 13.959690406500384,
     "median": 13.959469013481257,
     "max": 13.97087095691203,
     "unit": "ops/s"
    },
    "latency": {
     "50_0": 69.60637285374105,
     "90_0": 71.12479801289737,
     "99_0": 76.39903586357832,
     "100_0": 131.04084180667996,
     "mean": 70.17187058459967,
     "unit": "ms"
    },
    "service_time": {
     "50_0": 69.60637285374105,
     "90_0": 71.12479801289737,
     "99_0": 76.39903586357832,
     "100_0": 131.04084180667996,
     "mean": 70.17187058459967,
     "unit": "ms"
    },
    "processing_time": {
     "50_0": 70.83815149962902,
     "90_0": 72.5046822335571,
     "99_0": 77.6516269845888,
     "100_0": 132.19241658225656,
     "mean": 71.46250428725034,
     "unit": "ms"
    },