{
 "rally-version": "2.8.0",
 "rally-revision": null,
 "environment": "local",
 "race-id": "eea9aecd-4994-493c-8cf5-a0e9a5b16852",
 "race-timestamp": "20230727T101429Z",
 "pipeline": "benchmark-only",
 "user-tags": {},
 "track": "mrirally",
 "car": [
  "external"
 ],
 "cluster": {
  "revision": "f67ef2df40237445caa70e2fef79471cc608d70d",
  "distribution-version": "8.6.0",
  "distribution-flavor": "default",
  "team-revision": null
 },
 "results": {
  "op_metrics": [
   {
    "task": "index",
    "operation": "index",
    "throughput": {
     "min": 9961.365639782329,
     "mean": 10259.400002465607,
     "median": 10220.65346954807,
     "max": 10635.420918015985,
     "unit": "docs/s"
    },
    "latency": {
     "50_0": 78.09157809242606,
     "90_0": 107.64062693342566,
     "99_0": 238.54867264628407,
     "99_9": 286.6769255311275,
     "100_0": 338.594077154994,
     "mean": 87.04615061730146,
     "unit": "ms"
    },
    "service_time": {
     "50_0": 78.09157809242606,
     "90_0": 107.64062693342566,
     "99_0": 238.54867264628407,
     "99_9": 286.6769255311275,
     "100_0": 338.594077154994,
     "mean": 87.04615061730146,
     "unit": "ms"
    },
    "processing_time": {
     "50_0": 83.7357621639967,
     "90_0": 113.24412445537747,
     "99_0": 244.10746694542465,
     "99_9": 292.35681341588963,
     "100_0": 344.04757991433144,
     "mean": 92.70938580762595,
     "unit": "ms"
    },
    "error_rate": 0.0,
    "duration": 96464.07979493961
   },
   {
    "task": "default",
    "operation": "default",
    "throughput": {
     "min": 10.712767105896312,
     "mean": 42.22747391342835,
     "median": 46.179717254063945,
     "max": 62.70900209029474,
     "unit": "ops/s"
    },
    "latency": {
     "50_0": 7.396401837468147,
     "90_0": 8.776842709630728,
     "99_0": 12.845056881196795,
     "99_9": 15.101129541639343,
     "100_0": 16.264470759779215,
     "mean": 7.772295757662505,
     "unit": "ms"
    },
    "service_time": {
     "50_0": 7.396401837468147,
     "90_0": 8.776842709630728,
     "99_0": 12.845056881196795,
     "99_9": 15.101129541639343,
     "100_0": 16.264470759779215,
     "mean": 7.772295757662505,
     "unit": "ms"
    },
    "processing_time": {
     "50_0": 8.731635985895991,
     "90_0": 10.164080373942852,
     "99_0": 14.245459572412074,
     "99_9": 17.542432792024705,
     "100_0": 79.74074734374881,
     "mean": 9.152466722764075,
     "unit": "ms"
    },
    "error_rate": 0.0,
    "duration": 12990.857370663434
   },
   {
    "task": "default_1k",
    "operation": "default_1k",
    "throughput": {
     "min": 98.30790997369213,
     "mean": 105.77019739792141,
     "median": 106.86430694438829,
     "max": 107.45184572871015,
     "unit": "ops/s"
    },
    "latency": {
     "50_0": 7.350550498813391,
     "90_0": 8.601006167009473,
     "99_0": 16.79215413983911,
     "99_9": 21.773132008035113,
     "100_0": 25.95103206112981,
     "mean": 7.811520021408796,
     "unit": "ms"
    },
    "service_time": {
     "50_0": 7.350550498813391,
     "90_0": 8.601006167009473,
     "99_0": 16.79215413983911,
     "99_9": 21.773132008035113,
     "100_0": 25.95103206112981,
     "mean": 7.811520021408796,
     "unit": "ms"
    },
    "processing_time": {
     "50_0": 8.657654514536262,
     "90_0": 9.911299776285887,
     "99_0": 18.39839081745594,
     "99_9": 27.184507807254235,
     "100_0": 62.35701637342572,
     "mean": 9.146817564498633,
     "unit": "ms"
    },
    "error_rate": 0.0,
    "duration": 9757.418678607792
   },
   {
    "task": "term",
    "operation": "term",
    "throughput": {
     "min": 63.57608405523947,
     "mean": 83.5774141397981,
     "median": 85.80331253342403,
     "max": 88.83673859338029,
     "unit": "ops/s"
    },
    "latency": {
     "50_0": 9.038076037541032,
     "90_0": 11.054735397920012,
     "99_0": 21.76181025803089,
     "99_9": 24.152197129093118,
     "100_0": 24.24402581527829,
     "mean": 9.61164039792493,
     "unit": "ms"
    },
    "service_time": {
     "50_0": 9.038076037541032,
     "90_0": 11.054735397920012,
     "99_0": 21.76181025803089,
     "99_9": 24.152197129093118,
     "100_0": 24.24402581527829,
     "mean": 9.61164039792493,
     "unit": "ms"
    },
    "processing_time": {
     "50_0": 10.256385197862983,
     "90_0": 12.26053792051971,
     "99_0": 22.982562696561214,
     "99_9": 25.74068167340235,
     "100_0": 50.66864611580968,
     "mean": 10.881316067650914,
     "unit": "ms"
    },
    "error_rate": 0.0,
    "duration": 11716.912745963782
   },
   {
    "task": "phrase",
    "operation": "phrase",
    "throughput": {
     "min": 81.55476735522747,
     "mean": 95.16113240148269,
     "median": 97.05075424010036,
     "max": 99.96545448955386,
     "unit": "ops/s"
    },
    "latency": {
     "50_0": 8.118091616779566,
     "90_0": 9.091582475230098,
     "99_0": 32.3171608056873,
     "99_9": 59.90542363096091,
     "100_0": 66.80598389357328,
     "mean": 8.6768785007298,
     "unit": "ms"
    },
    "service_time": {
     "50_0": 8.118091616779566,
     "90_0": 9.091582475230098,
     "99_0": 32.3171608056873,
     "99_9": 59.90542363096091,
     "100_0": 66.80598389357328,
     "mean": 8.6768785007298,
     "unit": "ms"
    },
    "processing_time": {
     "50_0": 9.373927488923073,
     "90_0": 10.44818377122283,
     "99_0": 34.26263344008475,
     "99_9": 67.95651779882728,
     "100_0": 80.99862514063716,
     "mean": 10.01973137166351,
     "unit": "ms"
    },
    "error_rate": 0.0,
    "duration": 10698.791265953332
   },
   {
    "task": "range",
    "operation": "range",
    "throughput": {
     "min": 86.66096406950557,
     "mean": 93.7367960659212,
     "median": 95.0742354703242,
     "max": 97.11009824586309,
     "unit": "ops/s"
    },
    "latency": {
     "50_0": 8.110484573990107,
     "90_0": 9.481000108644366,
     "99_0": 34.8579540522769,
     "99_9": 53.27619409607732,
     "100_0": 54.20642206445336,
     "mean": 8.914123894646764,
     "unit": "ms"
    },
    "service_time": {
     "50_0": 8.110484573990107,
     "90_0": 9.481000108644366,
     "99_0": 34.8579540522769,
     "99_9": 53.27619409607732,
     "100_0": 54.20642206445336,
     "mean": 8.914123894646764,
     "unit": "ms"
    },
    "processing_time": {
     "50_0": 9.479554370045662,
     "90_0": 10.927005345001817,
     "99_0": 36.344888815656304,
     "99_9": 54.42442154278987,
     "100_0": 55.34891178831458,
     "mean": 10.24527496052906,
     "unit": "ms"
    },
    "error_rate": 0.0,
    "duration": 10939.490820746869
   },
   {
    "task": "real_query_1",
    "operation": "real_query_1",
    "throughput": {
     "min": 61.78450642953927,
     "mean": 80.42172985515873,
     "median": 82.9215640615522,
     "max": 86.85192587862186,
     "unit": "ops/s"
    },
    "latency": {
     "50_0": 9.15075233206153,
     "90_0": 10.180798778310418,
     "99_0": 37.78659610077739,
     "99_9": 47.14036737568769,
     "100_0": 57.40635097026825,
     "mean": 9.885385998524725,
     "unit": "ms"
    },
    "service_time": {
     "50_0": 9.15075233206153,
     "90_0": 10.180798778310418,
     "99_0": 37.78659610077739,
     "99_9": 47.14036737568769,
     "100_0": 57.40635097026825,
     "mean": 9.885385998524725,
     "unit": "ms"
    },
    "processing_time": {
     "50_0": 10.383233428001404,
     "90_0": 11.470806412398815,
     "99_0": 39.288358078338206,
     "99_9": 48.620958928951026,
     "100_0": 58.53997636586428,
     "mean": 11.14001995883882,
     "unit": "ms"
    },
    "error_rate": 0.0,
    "duration": 12068.2573011145
   },
   {
    "task": "real_query_2",
    "operation": "real_query_2",
    "throughput": {
     "min": 49.7021052304771,
     "mean": 51.07446850607829,
     "median": 51.33214215911306,
     "max": 51.517785013473215,
     "unit": "ops/s"
    },
    "latency": {
     "50_0": 17.61825173161924,
     "90_0": 18.89795856550336,
     "99_0": 22.38469781819731,
     "99_9": 26.00719160307557,