{
 "rally-version": "2.8.0",
 "rally-revision": null,
 "environment": "local",
 "race-id": "06233ebc-b7ab-42ba-910f-ef799c921bc9",
 "race-timestamp": "20230729T102657Z",
 "pipeline": "benchmark-only",
 "user-tags": {},
 "track": "mrirally_ingest_only_1",
 "car": [
  "external"
 ],
 "cluster": {
  "revision": "f67ef2df40237445caa70e2fef79471cc608d70d",
  "distribution-version": "8.6.0",
  "distribution-flavor": "default",
  "team-revision": null
 },
 "results": {
  "op_metrics": [
   {
    "task": "index",
    "operation": "index",
    "throughput": {
     "min": 1550.9265319373787,
     "mean": 2851.920042704872,
     "median": 2865.9072408385373,
     "max": 2904.9821009706548,
     "unit": "docs/s"
    },
    "latency": {
     "50_0": 299.4891086127609,
     "90_0": 327.2054111585021,
     "99_0": 712.3030201997602,
     "99_9": 2702.4010697058557,
     "100_0": 2873.3672220259905,
     "mean": 315.84194166911766,
     "unit": "ms"
    },
    "service_time": {
     "50_0": 299.4891086127609,
     "90_0": 327.2054111585021,
     "99_0": 712.3030201997602,
     "99_9": 2702.4010697058557,
     "100_0": 2873.3672220259905,
     "mean": 315.84194166911766,
     "unit": "ms"
    },
    "processing_time": {
     "50_0": 305.7350697927177,
     "90_0": 333.6294250097126,
     "99_0": 718.4138633916149,
     "99_9": 2708.6858910690216,
     "100_0": 2879.8167728818953,
     "mean": 322.1923766694963,
     "unit": "ms"
    },
    "error_rate": 0.0,
    "duration": 347562.906908337
   }
  ],
  "total_time": 54685370,
  "total_time_per_shard": {
   "min": 244940,
   "median": 27342685.0,
   "max": 54440430,
   "unit": "ms"
  },
  "indexing_throttle_time": 101777,
  "indexing_throttle_time_per_shard": {
   "min": 0,
   "median": 50888.5,
   "max": 101777,
   "unit": "ms"
  },
  "merge_time": 17170117,
  "merge_time_per_shard": {
   "min": 3462,
   "median": 8585058.5,
   "max": 17166655,
   "unit": "ms"
  },
  "merge_count": 554,
  "refresh_time": 567443,
  "refresh_time_per_shard": {
   "min": 14054,
   "median": 283721.5,
   "max": 553389,
   "unit": "ms"
  },
  "refresh_count": 139,
  "flush_time": 1326713,
  "flush_time_per_shard": {
   "min": 57471,
   "median": 663356.5,
   "max": 1269242,
   "unit": "ms"
  },
  "flush_count": 34,
  "merge_throttle_time": 94085,
  "merge_throttle_time_per_shard": {
   "min": 0,
   "median": 47042.5,
   "max": 94085,
   "unit": "ms"
  },
  "ml_processing_time": [],
  "young_gc_time": 78,
  "young_gc_count": 2,
  "old_gc_time": 0,
  "old_gc_count": 0,
  "zgc_cycles_gc_time": null,
  "zgc_cycles_gc_count": null,
  "zgc_pauses_gc_time": null,
  "zgc_pauses_gc_count": null,
  "memory_segments": 0,
  "memory_doc_values": 0,
  "memory_terms": 0,
  "memory_norms": 0,
  "memory_points": 0,
  "memory_stored_fields": 0,
  "store_size": 30457227594,
  "translog_size": 593891161,
  "segment_count": 58,
  "total_transform_search_times": [],
  "total_transform_index_times": [],
  "total_transform_processing_times": [],
  "total_transform_throughput": [],
  "ingest_pipeline_cluster_count": 0,
  "ingest_pipeline_cluster_time": 0,
  "ingest_pipeline_cluster_failed": 0,
  "disk_usage_total": [],
  "disk_usage_inverted_index": [],
  "disk_usage_stored_fields": [],
  "disk_usage_doc_values": [],
  "disk_usage_points": [],
  "disk_usage_norms": [],
  "disk_usage_term_vectors": []
 },
 "challenge": "everything-no-throttling"
}