{
 "rally-version": "2.8.0",
 "rally-revision": null,
 "environment": "local",
 "race-id": "f8b8b197-8f9e-42c8-8488-040e269c46d4",
 "race-timestamp": "20230729T185343Z",
 "pipeline": "benchmark-only",
 "user-tags": {},
 "track": "mrirally",
 "car": [
  "external"
 ],
 "cluster": {
  "revision": "f67ef2df40237445caa70e2fef79471cc608d70d",
  "distribution-version": "8.6.0",
  "distribution-flavor": "default",
  "team-revision": null
 },
 "results": {
  "op_metrics": [
   {
    "task": "index",
    "operation": "index",
    "throughput": {
     "min": 6793.356950220172,
     "mean": 7040.94562652454,
     "median": 6864.132478482059,
     "max": 8244.002696698117,
     "unit": "docs/s"
    },
    "latency": {
     "50_0": 101.67938866652548,
     "90_0": 118.0491480510682,
     "99_0": 252.15733083896282,
     "99_9": 1339.5906951022353,
     "100_0": 1359.51769631356,
     "mean": 111.57637256430462,
     "unit": "ms"
    },
    "service_time": {
     "50_0": 101.67938866652548,
     "90_0": 118.0491480510682,
     "99_0": 252.15733083896282,
     "99_9": 1339.5906951022353,
     "100_0": 1359.51769631356,
     "mean": 111.57637256430462,
     "unit": "ms"
    },
    "processing_time": {
     "50_0": 108.08511776849627,
     "90_0": 125.03170729614796,
     "99_0": 258.1141722435126,
     "99_9": 1345.957805890126,
     "100_0": 1366.5590160526335,
     "mean": 118.06779604405165,
     "unit": "ms"
    },
    "error_rate": 0.0,
    "duration": 146215.12069413438
   },
   {
    "task": "default",
    "operation": "default",
    "throughput": {
     "min": 1.0217060952435844,
     "mean": 3.791464301824284,
     "median": 3.7942856355190493,
     "max": 6.534583433409062,
     "unit": "ops/s"
    },
    "latency": {
     "50_0": 5.871300119906664,
     "90_0": 6.202654633671045,
     "99_0": 9.02550813741982,
     "99_9": 18.078935051337833,
     "100_0": 28.606496285647154,
     "mean": 6.047280784696341,
     "unit": "ms"
    },
    "service_time": {
     "50_0": 5.871300119906664,
     "90_0": 6.202654633671045,
     "99_0": 9.02550813741982,
     "99_9": 18.078935051337833,
     "100_0": 28.606496285647154,
     "mean": 6.047280784696341,
     "unit": "ms"
    },
    "processing_time": {
     "50_0": 7.1057716850191355,
     "90_0": 7.746618986129761,
     "99_0": 10.800868337973945,
     "99_9": 30.152934805495182,
     "100_0": 86.7883781902492,
     "mean": 7.397034732159227,
     "unit": "ms"
    },
    "error_rate": 0.0,
    "duration": 84308.65745898336
   },
   {
    "task": "default_1k",
    "operation": "default_1k",
    "throughput": {
     "min": 135.80296398703024,
     "mean": 136.79650901595278,
     "median": 136.89333929233376,
     "max": 137.65961023580218,
     "unit": "ops/s"
    },
    "latency": {
     "50_0": 5.8475572150200605,
     "90_0": 5.953654553741217,
     "99_0": 6.851640068925917,
     "99_9": 27.252994933167752,
     "100_0": 51.0361110791564,
     "mean": 5.941793268080801,
     "unit": "ms"
    },
    "service_time": {
     "50_0": 5.8475572150200605,
     "90_0": 5.953654553741217,
     "99_0": 6.851640068925917,
     "99_9": 27.252994933167752,
     "100_0": 51.0361110791564,
     "mean": 5.941793268080801,
     "unit": "ms"
    },
    "processing_time": {
     "50_0": 7.051664404571056,
     "90_0": 7.360756443813443,
     "99_0": 8.172233863733709,
     "99_9": 28.42961439676797,
     "100_0": 52.21601389348507,
     "mean": 7.194179045502096,
     "unit": "ms"
    },
    "error_rate": 0.0,
    "duration": 7634.915036149323
   },
   {
    "task": "term",
    "operation": "term",
    "throughput": {
     "min": 109.90200197996973,
     "mean": 110.84986392837602,
     "median": 110.76759438363118,
     "max": 111.58860250537079,
     "unit": "ops/s"
    },
    "latency": {
     "50_0": 7.623082958161831,
     "90_0": 7.75680304504931,
     "99_0": 9.118974660523236,
     "99_9": 48.32716338523205,
     "100_0": 100.7757019251585,
     "mean": 7.64691269909963,
     "unit": "ms"
    },
    "service_time": {
     "50_0": 7.623082958161831,
     "90_0": 7.75680304504931,
     "99_0": 9.118974660523236,
     "99_9": 48.32716338523205,
     "100_0": 100.7757019251585,
     "mean": 7.64691269909963,
     "unit": "ms"
    },
    "processing_time": {
     "50_0": 8.77959025092423,
     "90_0": 9.088603779673576,
     "99_0": 10.282967658713458,
     "99_9": 49.439150163442896,
     "100_0": 101.88183793798089,
     "mean": 8.886981707066298,
     "unit": "ms"
    },
    "error_rate": 0.0,
    "duration": 9416.075634304434
   },
   {
    "task": "phrase",
    "operation": "phrase",
    "throughput": {
     "min": 68.92999034908125,
     "mean": 99.56669884487138,
     "median": 104.77517452992252,
     "max": 108.62273269539956,
     "unit": "ops/s"
    },
    "latency": {
     "50_0": 7.470949785783887,
     "90_0": 7.868311135098338,
     "99_0": 8.624229039996862,
     "99_9": 10.146786389407174,
     "100_0": 14.620038215070963,
     "mean": 7.549250815063715,
     "unit": "ms"
    },
    "service_time": {
     "50_0": 7.470949785783887,
     "90_0": 7.868311135098338,
     "99_0": 8.624229039996862,
     "99_9": 10.146786389407174,
     "100_0": 14.620038215070963,
     "mean": 7.549250815063715,
     "unit": "ms"
    },
    "processing_time": {
     "50_0": 8.645743131637573,
     "90_0": 9.102356480434537,
     "99_0": 9.866774859838188,
     "99_9": 14.07228942029196,
     "100_0": 16.070034820586443,
     "mean": 8.75536882597953,
     "unit": "ms"
    },
    "error_rate": 0.0,
    "duration": 9654.063486959785
   },
   {
    "task": "range",
    "operation": "range",
    "throughput": {
     "min": 91.5579386198543,
     "mean": 92.29866439008062,
     "median": 92.45149991107678,
     "max": 92.53740781068743,
     "unit": "ops/s"
    },
    "latency": {
     "50_0": 9.496303042396903,
     "90_0": 9.606864023953676,
     "99_0": 9.902277900837362,
     "99_9": 11.826250580139849,
     "100_0": 16.166403889656067,
     "mean": 9.522539076395333,
     "unit": "ms"
    },
    "service_time": {
     "50_0": 9.496303042396903,
     "90_0": 9.606864023953676,
     "99_0": 9.902277900837362,
     "99_9": 11.826250580139849,
     "100_0": 16.166403889656067,
     "mean": 9.522539076395333,
     "unit": "ms"
    },
    "processing_time": {
     "50_0": 10.652649914845824,
     "90_0": 10.956788016483188,
     "99_0": 11.669943192973733,
     "99_9": 17.364302576058105,
     "100_0": 64.13964880630374,
     "mean": 10.780303850769997,
     "unit": "ms"
    },
    "error_rate": 0.0,
    "duration": 11395.12552600354
   },
   {
    "task": "real_query_1",
    "operation": "real_query_1",
    "throughput": {
     "min": 74.08174518340721,
     "mean": 79.22673917793564,
     "median": 81.2858909302559,
     "max": 81.90065714281783,
     "unit": "ops/s"
    },
    "latency": {
     "50_0": 10.810735868290067,
     "90_0": 10.99342992529273,
     "99_0": 20.033180960454047,
     "99_9": 88.93466643157782,
     "100_0": 852.9602871276438,
     "mean": 12.01635430008173,
     "unit": "ms"
    },
    "service_time": {
     "50_0": 10.810735868290067,
     "90_0": 10.99342992529273,
     "99_0": 20.033180960454047,
     "99_9": 88.93466643157782,
     "100_0": 852.9602871276438,
     "mean": 12.01635430008173,
     "unit": "ms"
    },
    "processing_time": {
     "50_0": 11.994528351351619,
     "90_0": 12.369549367576838,
     "99_0": 21.244407012127336,
     "99_9": 90.17816079927044,
     "100_0": 854.2241668328643,
     "mean": 13.241814794018865,
     "unit": "ms"
    },
    "error_rate": 0.0,
    "duration": 13930.691503919661
   },
   {
    "task": "real_query_2",
    "operation": "real_query_2",
    "throughput": {
     "min": 12.412259322014236,
     "mean": 12.444646420935607,
     "median": 12.448267440543317,
     "max": 12.469613425237158,
     "unit": "ops/s"
    },
    "latency": {
     "50_0": 78.91327957622707,
     "90_0": 79.92031071335077,
     "99_0": 81.72014815267175,
     "99_9": 82.93172614183295,