{
 "rally-version": "2.8.0",
 "rally-revision": null,
 "environment": "local",
 "race-id": "2ec2fe98-b899-49f1-a9e9-dfa312a5f075",
 "race-timestamp": "20230729T131400Z",
 "pipeline": "benchmark-only",
 "user-tags": {},
 "track": "mrirally",
 "car": [
  "external"
 ],
 "cluster": {
  "revision": "f67ef2df40237445caa70e2fef79471cc608d70d",
  "distribution-version": "8.6.0",
  "distribution-flavor": "default",
  "team-revision": null
 },
 "results": {
  "op_metrics": [
   {
    "task": "index",
    "operation": "index",
    "throughput": {
     "min": 13607.877515653287,
     "mean": 14128.00231209718,
     "median": 13835.335839234955,
     "max": 17016.515792198978,
     "unit": "docs/s"
    },
    "latency": {
     "50_0": 37.342488998547196,
     "90_0": 48.73969697509892,
     "99_0": 135.9498605213593,
     "99_9": 249.99366262013856,
     "100_0": 257.215048011858,
     "mean": 41.83021986251697,
     "unit": "ms"
    },
    "service_time": {
     "50_0": 37.342488998547196,
     "90_0": 48.73969697509892,
     "99_0": 135.9498605213593,
     "99_9": 249.99366262013856,
     "100_0": 257.215048011858,
     "mean": 41.83021986251697,
     "unit": "ms"
    },
    "processing_time": {
     "50_0": 43.42031150008552,
     "90_0": 54.75870808586478,
     "99_0": 142.09784169739572,
     "99_9": 255.99233064183565,
     "100_0": 263.32861301489174,
     "mean": 47.922708796162624,
     "unit": "ms"
    },
    "error_rate": 0.0,
    "duration": 72154.2827420053
   },
   {
    "task": "default",
    "operation": "default",
    "throughput": {
     "min": 0.5410880475868748,
     "mean": 3.4363472111895734,
     "median": 3.442933336039022,
     "max": 6.296022856692087,
     "unit": "ops/s"
    },
    "latency": {
     "50_0": 5.362017516745254,
     "90_0": 5.476992484182119,
     "99_0": 6.466716679278761,
     "99_9": 11.962688395462811,
     "100_0": 15.801233996171504,
     "mean": 5.395446951384656,
     "unit": "ms"
    },
    "service_time": {
     "50_0": 5.362017516745254,
     "90_0": 5.476992484182119,
     "99_0": 6.466716679278761,
     "99_9": 11.962688395462811,
     "100_0": 15.801233996171504,
     "mean": 5.395446951384656,
     "unit": "ms"
    },
    "processing_time": {
     "50_0": 6.592188496142626,
     "90_0": 6.888511497527361,
     "99_0": 7.875179778202436,
     "99_9": 17.07816549530865,
     "100_0": 84.98568501090631,
     "mean": 6.743043947208207,
     "unit": "ms"
    },
    "error_rate": 0.0,
    "duration": 92103.26215001987
   },
   {
    "task": "default_1k",
    "operation": "default_1k",
    "throughput": {
     "min": 143.5648356585158,
     "mean": 147.61012436147925,
     "median": 148.32994976890035,
     "max": 149.76012979698748,
     "unit": "ops/s"
    },
    "latency": {
     "50_0": 5.2845794998575,
     "90_0": 5.407400708645582,
     "99_0": 5.519889407441951,
     "99_9": 11.47675486206518,
     "100_0": 86.2248059711419,
     "mean": 5.382051212887745,
     "unit": "ms"
    },
    "service_time": {
     "50_0": 5.2845794998575,
     "90_0": 5.407400708645582,
     "99_0": 5.519889407441951,
     "99_9": 11.47675486206518,
     "100_0": 86.2248059711419,
     "mean": 5.382051212887745,
     "unit": "ms"
    },
    "processing_time": {
     "50_0": 6.498609989648685,
     "90_0": 6.801183806965128,
     "99_0": 7.561570313991979,
     "99_9": 12.684348833521119,
     "100_0": 87.47033996041864,
     "mean": 6.638032122515142,
     "unit": "ms"
    },
    "error_rate": 0.0,
    "duration": 7041.369643993676
   },
   {
    "task": "term",
    "operation": "term",
    "throughput": {
     "min": 129.65281242917933,
     "mean": 130.4643665531989,
     "median": 129.83096182488555,
     "max": 131.93106676749684,
     "unit": "ops/s"
    },
    "latency": {
     "50_0": 6.27374803298153,
     "90_0": 6.493336131097749,
     "99_0": 8.229201449430548,
     "99_9": 14.280288168055481,
     "100_0": 24.72396701341495,
     "mean": 6.380386578734033,
     "unit": "ms"
    },
    "service_time": {
     "50_0": 6.27374803298153,
     "90_0": 6.493336131097749,
     "99_0": 8.229201449430548,
     "99_9": 14.280288168055481,
     "100_0": 24.72396701341495,
     "mean": 6.380386578734033,
     "unit": "ms"
    },
    "processing_time": {
     "50_0": 7.446214993251488,
     "90_0": 8.010907925199717,
     "99_0": 9.618411358096637,
     "99_9": 26.849125118638106,
     "100_0": 59.89215901354328,
     "mean": 7.641428863978945,
     "unit": "ms"
    },
    "error_rate": 0.0,
    "duration": 8089.388652006164
   },
   {
    "task": "phrase",
    "operation": "phrase",
    "throughput": {
     "min": 123.93071138424968,
     "mean": 134.5113277877741,
     "median": 136.66587707325604,
     "max": 139.97447955986146,
     "unit": "ops/s"
    },
    "latency": {
     "50_0": 5.683765019057319,
     "90_0": 6.6151127917692065,
     "99_0": 7.641587762045674,
     "99_9": 11.2585467825994,
     "100_0": 12.411181000061333,
     "mean": 5.825381175847724,
     "unit": "ms"
    },
    "service_time": {
     "50_0": 5.683765019057319,
     "90_0": 6.6151127917692065,
     "99_0": 7.641587762045674,
     "99_9": 11.2585467825994,
     "100_0": 12.411181000061333,
     "mean": 5.825381175847724,
     "unit": "ms"
    },
    "processing_time": {
     "50_0": 6.834031024482101,
     "90_0": 7.769111561356112,
     "99_0": 8.795773683814328,
     "99_9": 13.032664410537246,
     "100_0": 14.545578975230455,
     "mean": 7.006156044371892,
     "unit": "ms"
    },
    "error_rate": 0.0,
    "duration": 7474.961658997927
   },
   {
    "task": "range",
    "operation": "range",
    "throughput": {
     "min": 105.9714976253671,
     "mean": 107.54125707932653,
     "median": 107.1792717338685,
     "max": 109.98674433248995,
     "unit": "ops/s"
    },
    "latency": {
     "50_0": 8.185140992281958,
     "90_0": 8.285571174928918,
     "99_0": 8.554537011077628,
     "99_9": 12.64137127128485,
     "100_0": 44.60064496379346,
     "mean": 8.134090182662476,
     "unit": "ms"
    },
    "service_time": {
     "50_0": 8.185140992281958,
     "90_0": 8.285571174928918,
     "99_0": 8.554537011077628,
     "99_9": 12.64137127128485,
     "100_0": 44.60064496379346,
     "mean": 8.134090182662476,
     "unit": "ms"
    },
    "processing_time": {
     "50_0": 9.344602498458698,
     "90_0": 9.65343889547512,
     "99_0": 10.326958250370808,
     "99_9": 45.713743520436296,
     "100_0": 60.66033896058798,
     "mean": 9.391452585929073,
     "unit": "ms"
    },
    "error_rate": 0.0,
    "duration": 9905.129348975606
   },
   {
    "task": "real_query_1",
    "operation": "real_query_1",
    "throughput": {
     "min": 98.72836367682682,
     "mean": 99.09324011400868,
     "median": 99.1256463425718,
     "max": 99.3341767615937,
     "unit": "ops/s"
    },
    "latency": {
     "50_0": 8.710663008969277,
     "90_0": 8.8632557191886,
     "99_0": 10.579769797041081,
     "99_9": 17.675310877268647,
     "100_0": 22.59328099898994,
     "mean": 8.798670915595721,
     "unit": "ms"
    },
    "service_time": {
     "50_0": 8.710663008969277,
     "90_0": 8.8632557191886,
     "99_0": 10.579769797041081,
     "99_9": 17.675310877268647,
     "100_0": 22.59328099898994,
     "mean": 8.798670915595721,
     "unit": "ms"
    },
    "processing_time": {
     "50_0": 9.886920015560463,
     "90_0": 10.261285293381661,
     "99_0": 11.803799924091434,
     "99_9": 18.826255726453827,
     "100_0": 23.740036005619913,
     "mean": 10.023971987538971,
     "unit": "ms"
    },
    "error_rate": 0.0,
    "duration": 10581.486455979757
   },
   {
    "task": "real_query_2",
    "operation": "real_query_2",
    "throughput": {
     "min": 11.968336209442775,
     "mean": 11.97871658653343,
     "median": 11.978969835273379,
     "max": 11.997186684700305,
     "unit": "ops/s"
    },
    "latency": {
     "50_0": 81.9389630050864,
     "90_0": 82.97221790417098,
     "99_0": 85.21442063269205,
     "99_9": 94.70175794791936,