{
 "rally-version": "2.8.0",
 "rally-revision": null,
 "environment": "local",
 "race-id": "94439627-f14f-47cd-8a13-19d7c12992dd",
 "race-timestamp": "20230727T184735Z",
 "pipeline": "benchmark-only",
 "user-tags": {},
 "track": "mrirally_encrypted",
 "car": [
  "external"
 ],
 "cluster": {
  "revision": "f67ef2df40237445caa70e2fef79471cc608d70d",
  "distribution-version": "8.6.0",
  "distribution-flavor": "default",
  "team-revision": null
 },
 "results": {
  "op_metrics": [
   {
    "task": "index",
    "operation": "index",
    "throughput": {
     "min": 6416.295571398569,
     "mean": 7152.482430778721,
     "median": 7136.490817992737,
     "max": 7844.634105214677,
     "unit": "docs/s"
    },
    "latency": {
     "50_0": 84.06439237296581,
     "90_0": 140.36763568874449,
     "99_0": 317.37012002151454,
     "99_9": 1055.2427950336296,
     "100_0": 1236.3146122079343,
     "mean": 102.9864264363423,
     "unit": "ms"
    },
    "service_time": {
     "50_0": 84.06439237296581,
     "90_0": 140.36763568874449,
     "99_0": 317.37012002151454,
     "99_9": 1055.2427950336296,
     "100_0": 1236.3146122079343,
     "mean": 102.9864264363423,
     "unit": "ms"
    },
    "processing_time": {
     "50_0": 88.12100952491164,
     "90_0": 144.53740655444565,
     "99_0": 321.7216566973365,
     "99_9": 1059.6369053844992,
     "100_0": 1240.6771478708833,
     "mean": 107.12932762387209,
     "unit": "ms"
    },
    "error_rate": 0.0,
    "duration": 143263.93711008132
   },
   {
    "task": "default",
    "operation": "default",
    "throughput": {
     "min": 31.48515560741099,
     "mean": 65.56105049243644,
     "median": 69.34201781140953,
     "max": 92.16930988831758,
     "unit": "ops/s"
    },
    "latency": {
     "50_0": 4.218033514916897,
     "90_0": 4.739062511362135,
     "99_0": 5.769524080678821,
     "99_9": 6.778894136659806,
     "100_0": 6.839978974312544,
     "mean": 4.298516046954319,
     "unit": "ms"
    },
    "service_time": {
     "50_0": 4.218033514916897,
     "90_0": 4.739062511362135,
     "99_0": 5.769524080678821,
     "99_9": 6.778894136659806,
     "100_0": 6.839978974312544,
     "mean": 4.298516046954319,
     "unit": "ms"
    },
    "processing_time": {
     "50_0": 5.359569098800421,
     "90_0": 5.8989627519622445,
     "99_0": 6.946877620648592,
     "99_9": 7.954050508793448,
     "100_0": 7.9993619583547115,
     "mean": 5.448982410132885,
     "unit": "ms"
    },
    "error_rate": 0.0,
    "duration": 8297.110604122281
   },
   {
    "task": "default_1k",
    "operation": "default_1k",
    "throughput": {
     "min": 168.56479355111955,
     "mean": 174.51160441709757,
     "median": 175.72333923193773,
     "max": 177.45576620016996,
     "unit": "ops/s"
    },
    "latency": {
     "50_0": 4.446606966666877,
     "90_0": 4.805938620120287,
     "99_0": 7.964386804960668,
     "99_9": 11.805193528305717,
     "100_0": 73.54691694490612,
     "mean": 4.587688759667799,
     "unit": "ms"
    },
    "service_time": {
     "50_0": 4.446606966666877,
     "90_0": 4.805938620120287,
     "99_0": 7.964386804960668,
     "99_9": 11.805193528305717,
     "100_0": 73.54691694490612,
     "mean": 4.587688759667799,
     "unit": "ms"
    },
    "processing_time": {
     "50_0": 5.411066464148462,
     "90_0": 5.799294891767204,
     "99_0": 8.963038239162413,
     "99_9": 32.96262918133662,
     "100_0": 74.32929519563913,
     "mean": 5.5977454031817615,
     "unit": "ms"
    },
    "error_rate": 0.0,
    "duration": 5941.705238074064
   },
   {
    "task": "term_encrypted",
    "operation": "term_encrypted",
    "throughput": {
     "min": 137.90182522532396,
     "mean": 153.18392008619978,
     "median": 155.8057672896351,
     "max": 161.21358499748078,
     "unit": "ops/s"
    },
    "latency": {
     "50_0": 4.9341905396431684,
     "90_0": 5.3991870721802115,
     "99_0": 8.8722820347175,
     "99_9": 11.040423320606857,
     "100_0": 16.653030877932906,
     "mean": 5.0332899515051395,
     "unit": "ms"
    },
    "service_time": {
     "50_0": 4.9341905396431684,
     "90_0": 5.3991870721802115,
     "99_0": 8.8722820347175,
     "99_9": 11.040423320606857,
     "100_0": 16.653030877932906,
     "mean": 5.0332899515051395,
     "unit": "ms"
    },
    "processing_time": {
     "50_0": 5.871450062841177,
     "90_0": 6.364653748460114,
     "99_0": 9.881777537520975,
     "99_9": 17.91519625997261,
     "100_0": 27.93831005692482,
     "mean": 6.003964872797951,
     "unit": "ms"
    },
    "error_rate": 0.0,
    "duration": 6458.689070073888
   },
   {
    "task": "phrase_encrypted",
    "operation": "phrase_encrypted",
    "throughput": {
     "min": 154.38922395869574,
     "mean": 161.77350494893417,
     "median": 162.53810228109035,
     "max": 166.33031284995982,
     "unit": "ops/s"
    },
    "latency": {
     "50_0": 4.760587005876005,
     "90_0": 5.226786644198,
     "99_0": 6.472605108283443,
     "99_9": 14.697270750301202,
     "100_0": 17.405224032700062,
     "mean": 4.863288708496839,
     "unit": "ms"
    },
    "service_time": {
     "50_0": 4.760587005876005,
     "90_0": 5.226786644198,
     "99_0": 6.472605108283443,
     "99_9": 14.697270750301202,
     "100_0": 17.405224032700062,
     "mean": 4.863288708496839,
     "unit": "ms"
    },
    "processing_time": {
     "50_0": 5.77918253839016,
     "90_0": 6.208796589635313,
     "99_0": 9.532727925106851,
     "99_9": 18.418190801051335,
     "100_0": 27.522800024598837,
     "mean": 5.897523426450789,
     "unit": "ms"
    },
    "error_rate": 0.0,
    "duration": 6297.025833977386
   },
   {
    "task": "range_encrypted",
    "operation": "range_encrypted",
    "throughput": {
     "min": 284.5405213948709,
     "mean": 288.89626555642013,
     "median": 287.49472210559793,
     "max": 294.6535531687916,
     "unit": "ops/s"
    },
    "latency": {
     "50_0": 2.3298354353755713,
     "90_0": 2.6448200456798077,
     "99_0": 3.568496839143331,
     "99_9": 12.25439426628877,
     "100_0": 12.721359031274915,
     "mean": 2.431687287054956,
     "unit": "ms"
    },
    "service_time": {
     "50_0": 2.3298354353755713,
     "90_0": 2.6448200456798077,
     "99_0": 3.568496839143331,
     "99_9": 12.25439426628877,
     "100_0": 12.721359031274915,
     "mean": 2.431687287054956,
     "unit": "ms"
    },
    "processing_time": {
     "50_0": 3.1401014421135187,
     "90_0": 3.4925045212730765,
     "99_0": 5.059664058499034,
     "99_9": 13.502084052890735,
     "100_0": 36.33840591646731,
     "mean": 3.2777050563599914,
     "unit": "ms"
    },
    "error_rate": 0.0,
    "duration": 3516.4631749503314
   },
   {
    "task": "real_query_1_encrypted",
    "operation": "real_query_1_encrypted",
    "throughput": {
     "min": 241.56243738697825,
     "mean": 257.12465910243833,
     "median": 256.74354984704837,
     "max": 273.4490993286783,
     "unit": "ops/s"
    },
    "latency": {
     "50_0": 2.585439127869904,
     "90_0": 2.8994595631957054,
     "99_0": 11.209020940586923,
     "99_9": 15.443207362920235,
     "100_0": 244.86595997586846,
     "mean": 2.980372220976278,
     "unit": "ms"
    },
    "service_time": {
     "50_0": 2.585439127869904,
     "90_0": 2.8994595631957054,
     "99_0": 11.209020940586923,
     "99_9": 15.443207362920235,
     "100_0": 244.86595997586846,
     "mean": 2.980372220976278,
     "unit": "ms"
    },
    "processing_time": {
     "50_0": 3.3860469702631235,
     "90_0": 3.7501847138628364,
     "99_0": 12.066342099569736,
     "99_9": 25.318126743912064,
     "100_0": 245.6153209786862,
     "mean": 3.8036387015599757,
     "unit": "ms"
    },
    "error_rate": 0.0,
    "duration": 4031.7133290227503
   },
   {
    "task": "real_query_3_encrypted",
    "operation": "real_query_3_encrypted",
    "throughput": {
     "min": 127.91908804402809,
     "mean": 135.91175435113118,
     "median": 137.61074237918174,
     "max": 139.23860764197937,
     "unit": "ops/s"
    },