{
 "rally-version": "2.8.0",
 "rally-revision": null,
 "environment": "local",
 "race-id": "3a1a6f88-cddc-4b0f-8720-2e4932ff3101",
 "race-timestamp": "20230729T092852Z",
 "pipeline": "benchmark-only",
 "user-tags": {},
 "track": "nyc_taxis_ingest_only_1",
 "car": [
  "external"
 ],
 "cluster": {
  "revision": "f67ef2df40237445caa70e2fef79471cc608d70d",
  "distribution-version": "8.6.0",
  "distribution-flavor": "default",
  "team-revision": null
 },
 "results": {
  "op_metrics": [
   {
    "task": "index",
    "operation": "index",
    "throughput": {
     "min": 40288.4973699929,
     "mean": 52282.57561276753,
     "median": 49272.53633344834,
     "max": 71043.45974874808,
     "unit": "docs/s"
    },
    "latency": {
     "50_0": 5014.285700628534,
     "90_0": 32379.69961510974,
     "99_0": 60736.73370051198,
     "99_9": 60949.686588670134,
     "99_99": 60998.13170490013,
     "100_0": 61001.37394433841,
     "mean": 11558.281341043405,
     "unit": "ms"
    },
    "service_time": {
     "50_0": 5014.285700628534,
     "90_0": 32379.69961510974,
     "99_0": 60736.73370051198,
     "99_9": 60949.686588670134,
     "99_99": 60998.13170490013,
     "100_0": 61001.37394433841,
     "mean": 11558.281341043405,
     "unit": "ms"
    },
    "processing_time": {
     "50_0": 5033.029441256076,
     "90_0": 32394.438536278936,
     "99_0": 60753.18435808644,
     "99_9": 60978.86298414925,
     "99_99": 61021.57314207358,
     "100_0": 61024.354129098356,
     "mean": 11578.277556701405,
     "unit": "ms"
    },
    "error_rate": 0.03225371120107962,
    "duration": 3987770.8198949695
   }
  ],
  "total_time": 171073870,
  "total_time_per_shard": {
   "min": 339845,
   "median": 85536935.0,
   "max": 170734025,
   "unit": "ms"
  },
  "indexing_throttle_time": 1468090,
  "indexing_throttle_time_per_shard": {
   "min": 0,
   "median": 734045.0,
   "max": 1468090,
   "unit": "ms"
  },
  "merge_time": 40861048,
  "merge_time_per_shard": {
   "min": 0,
   "median": 20430524.0,
   "max": 40861048,
   "unit": "ms"
  },
  "merge_count": 428,
  "refresh_time": 1657692,
  "refresh_time_per_shard": {
   "min": 61243,
   "median": 828846.0,
   "max": 1596449,
   "unit": "ms"
  },
  "refresh_count": 143,
  "flush_time": 1182404,
  "flush_time_per_shard": {
   "min": 183312,
   "median": 591202.0,
   "max": 999092,
   "unit": "ms"
  },
  "flush_count": 30,
  "merge_throttle_time": 0,
  "merge_throttle_time_per_shard": {
   "min": 0,
   "median": 0.0,
   "max": 0,
   "unit": "ms"
  },
  "ml_processing_time": [],
  "young_gc_time": 46209,
  "young_gc_count": 421,
  "old_gc_time": 0,
  "old_gc_count": 0,
  "zgc_cycles_gc_time": null,
  "zgc_cycles_gc_count": null,
  "zgc_pauses_gc_time": null,
  "zgc_pauses_gc_count": null,
  "memory_segments": 0,
  "memory_doc_values": 0,
  "memory_terms": 0,
  "memory_norms": 0,
  "memory_points": 0,
  "memory_stored_fields": 0,
  "store_size": 34940714736,
  "translog_size": 110,
  "segment_count": 60,
  "total_transform_search_times": [],
  "total_transform_index_times": [],
  "total_transform_processing_times": [],
  "total_transform_throughput": [],
  "ingest_pipeline_cluster_count": 0,
  "ingest_pipeline_cluster_time": 0,
  "ingest_pipeline_cluster_failed": 0,
  "disk_usage_total": [],
  "disk_usage_inverted_index": [],
  "disk_usage_stored_fields": [],
  "disk_usage_doc_values": [],
  "disk_usage_points": [],
  "disk_usage_norms": [],
  "disk_usage_term_vectors": []
 },
 "challenge": "append-no-conflicts"
}