{
 "rally-version": "2.8.0",
 "rally-revision": null,
 "environment": "local",
 "race-id": "8c481899-1b0d-420c-a74d-199e78336d9f",
 "race-timestamp": "20230729T091636Z",
 "pipeline": "benchmark-only",
 "user-tags": {},
 "track": "mrirally_ingest_only_1",
 "car": [
  "external"
 ],
 "cluster": {
  "revision": "f67ef2df40237445caa70e2fef79471cc608d70d",
  "distribution-version": "8.6.0",
  "distribution-flavor": "default",
  "team-revision": null
 },
 "results": {
  "op_metrics": [
   {
    "task": "index",
    "operation": "index",
    "throughput": {
     "min": 667.0785904445453,
     "mean": 2286.1511729680396,
     "median": 2340.5455702062627,
     "max": 2383.546235637723,
     "unit": "docs/s"
    },
    "latency": {
     "50_0": 380.7050355244428,
     "90_0": 423.6803918145597,
     "99_0": 544.1047949669883,
     "99_9": 1045.526151130009,
     "100_0": 1413.0260939709842,
     "mean": 387.6864759991877,
     "unit": "ms"
    },
    "service_time": {
     "50_0": 380.7050355244428,
     "90_0": 423.6803918145597,
     "99_0": 544.1047949669883,
     "99_9": 1045.526151130009,
     "100_0": 1413.0260939709842,
     "mean": 387.6864759991877,
     "unit": "ms"
    },
    "processing_time": {
     "50_0": 387.04091706313193,
     "90_0": 430.0283268559724,
     "99_0": 550.7966956589371,
     "99_9": 1051.9872083766722,
     "100_0": 1424.2771710269153,
     "mean": 394.16830578260124,
     "unit": "ms"
    },
    "error_rate": 0.0,
    "duration": 418133.2967202179
   }
  ],
  "total_time": 339845,
  "total_time_per_shard": {
   "min": 339845,
   "median": 339845,
   "max": 339845,
   "unit": "ms"
  },
  "indexing_throttle_time": 0,
  "indexing_throttle_time_per_shard": {
   "min": 0,
   "median": 0,
   "max": 0,
   "unit": "ms"
  },
  "merge_time": 0,
  "merge_time_per_shard": {
   "min": 0,
   "median": 0,
   "max": 0,
   "unit": "ms"
  },
  "merge_count": 0,
  "refresh_time": 53731,
  "refresh_time_per_shard": {
   "min": 53731,
   "median": 53731,
   "max": 53731,
   "unit": "ms"
  },
  "refresh_count": 11,
  "flush_time": 128472,
  "flush_time_per_shard": {
   "min": 128472,
   "median": 128472,
   "max": 128472,
   "unit": "ms"
  },
  "flush_count": 2,
  "merge_throttle_time": 0,
  "merge_throttle_time_per_shard": {
   "min": 0,
   "median": 0,
   "max": 0,
   "unit": "ms"
  },
  "ml_processing_time": [],
  "young_gc_time": 624,
  "young_gc_count": 13,
  "old_gc_time": 0,
  "old_gc_count": 0,
  "zgc_cycles_gc_time": null,
  "zgc_cycles_gc_count": null,
  "zgc_pauses_gc_time": null,
  "zgc_pauses_gc_count": null,
  "memory_segments": 0,
  "memory_doc_values": 0,
  "memory_terms": 0,
  "memory_norms": 0,
  "memory_points": 0,
  "memory_stored_fields": 0,
  "store_size": 914585859,
  "translog_size": 593890996,
  "segment_count": 11,
  "total_transform_search_times": [],
  "total_transform_index_times": [],
  "total_transform_processing_times": [],
  "total_transform_throughput": [],
  "ingest_pipeline_cluster_count": 0,
  "ingest_pipeline_cluster_time": 0,
  "ingest_pipeline_cluster_failed": 0,
  "disk_usage_total": [],
  "disk_usage_inverted_index": [],
  "disk_usage_stored_fields": [],
  "disk_usage_doc_values": [],
  "disk_usage_points": [],
  "disk_usage_norms": [],
  "disk_usage_term_vectors": []
 },
 "challenge": "everything-no-throttling"
}