{
 "rally-version": "2.8.0",
 "rally-revision": null,
 "environment": "local",
 "race-id": "076008f1-012f-4c77-b64d-cd7cd107fd44",
 "race-timestamp": "20230727T101430Z",
 "pipeline": "benchmark-only",
 "user-tags": {},
 "track": "mrirally",
 "car": [
  "external"
 ],
 "cluster": {
  "revision": "f67ef2df40237445caa70e2fef79471cc608d70d",
  "distribution-version": "8.6.0",
  "distribution-flavor": "default",
  "team-revision": null
 },
 "results": {
  "op_metrics": [
   {
    "task": "index",
    "operation": "index",
    "throughput": {
     "min": 9787.02056058716,
     "mean": 10408.930772232705,
     "median": 10498.658546323692,
     "max": 10681.367451437882,
     "unit": "docs/s"
    },
    "latency": {
     "50_0": 72.08441651891917,
     "90_0": 86.04039147030562,
     "99_0": 217.1260063792578,
     "99_9": 302.19771263003435,
     "100_0": 311.71786482445896,
     "mean": 78.80389188509434,
     "unit": "ms"
    },
    "service_time": {
     "50_0": 72.08441651891917,
     "90_0": 86.04039147030562,
     "99_0": 217.1260063792578,
     "99_9": 302.19771263003435,
     "100_0": 311.71786482445896,
     "mean": 78.80389188509434,
     "unit": "ms"
    },
    "processing_time": {
     "50_0": 77.72086292970926,
     "90_0": 92.45236997958273,
     "99_0": 222.8449638374149,
     "99_9": 307.90805978328075,
     "100_0": 317.27452808991075,
     "mean": 84.50406544632278,
     "unit": "ms"
    },
    "error_rate": 0.0,
    "duration": 98548.92928223126
   },
   {
    "task": "default",
    "operation": "default",
    "throughput": {
     "min": 15.37176708697281,
     "mean": 43.441531769289085,
     "median": 46.1511501915546,
     "max": 62.61840307549024,
     "unit": "ops/s"
    },
    "latency": {
     "50_0": 7.456964929588139,
     "90_0": 8.459749142639339,
     "99_0": 11.673270564060656,
     "99_9": 13.463612630497838,
     "100_0": 15.39834588766098,
     "mean": 7.676192184910178,
     "unit": "ms"
    },
    "service_time": {
     "50_0": 7.456964929588139,
     "90_0": 8.459749142639339,
     "99_0": 11.673270564060656,
     "99_9": 13.463612630497838,
     "100_0": 15.39834588766098,
     "mean": 7.676192184910178,
     "unit": "ms"
    },
    "processing_time": {
     "50_0": 8.74155550263822,
     "90_0": 9.817490540444851,
     "99_0": 13.015869490336627,
     "99_9": 17.03338032076722,
     "100_0": 82.11248484440148,
     "mean": 9.052762744016945,
     "unit": "ms"
    },
    "error_rate": 0.0,
    "duration": 13165.06680008024
   },
   {
    "task": "default_1k",
    "operation": "default_1k",
    "throughput": {
     "min": 101.70613083848201,
     "mean": 107.34635536883565,
     "median": 108.34182454479085,
     "max": 108.79852400559459,
     "unit": "ops/s"
    },
    "latency": {
     "50_0": 7.377198431640863,
     "90_0": 8.310616528615355,
     "99_0": 14.274915358982971,
     "99_9": 22.106913575205613,
     "100_0": 39.016732946038246,
     "mean": 7.708877474535257,
     "unit": "ms"
    },
    "service_time": {
     "50_0": 7.377198431640863,
     "90_0": 8.310616528615355,
     "99_0": 14.274915358982971,
     "99_9": 22.106913575205613,
     "100_0": 39.016732946038246,
     "mean": 7.708877474535257,
     "unit": "ms"
    },
    "processing_time": {
     "50_0": 8.63544549793005,
     "90_0": 9.668096341192722,
     "99_0": 16.41809970140457,
     "99_9": 40.55874696956086,
     "100_0": 48.30699902959168,
     "mean": 9.029543642187491,
     "unit": "ms"
    },
    "error_rate": 0.0,
    "duration": 9638.194122817367
   },
   {
    "task": "term",
    "operation": "term",
    "throughput": {
     "min": 86.22452886631604,
     "mean": 95.46021926934922,
     "median": 96.4276986919318,
     "max": 97.88288110959938,
     "unit": "ops/s"
    },
    "latency": {
     "50_0": 8.390240021981299,
     "90_0": 10.2110413601622,
     "99_0": 18.068031021393836,
     "99_9": 21.108772104838895,
     "100_0": 21.46554202772677,
     "mean": 8.89503385941498,
     "unit": "ms"
    },
    "service_time": {
     "50_0": 8.390240021981299,
     "90_0": 10.2110413601622,
     "99_0": 18.068031021393836,
     "99_9": 21.108772104838895,
     "100_0": 21.46554202772677,
     "mean": 8.89503385941498,
     "unit": "ms"
    },
    "processing_time": {
     "50_0": 9.668704587966204,
     "90_0": 11.578437802381815,
     "99_0": 19.3686681590043,
     "99_9": 22.63252442353672,
     "100_0": 52.222274942323565,
     "mean": 10.174932374618948,
     "unit": "ms"
    },
    "error_rate": 0.0,
    "duration": 10866.506040096283
   },
   {
    "task": "phrase",
    "operation": "phrase",
    "throughput": {
     "min": 62.29723886091608,
     "mean": 83.67874076228252,
     "median": 86.57011997750249,
     "max": 90.50405842293611,
     "unit": "ops/s"
    },
    "latency": {
     "50_0": 8.904507965780795,
     "90_0": 10.110611375421286,
     "99_0": 15.710799263324587,
     "99_9": 34.378802710215126,
     "100_0": 60.529383132234216,
     "mean": 9.32137228967622,
     "unit": "ms"
    },
    "service_time": {
     "50_0": 8.904507965780795,
     "90_0": 10.110611375421286,
     "99_0": 15.710799263324587,
     "99_9": 34.378802710215126,
     "100_0": 60.529383132234216,
     "mean": 9.32137228967622,
     "unit": "ms"
    },
    "processing_time": {
     "50_0": 10.160572011955082,
     "90_0": 11.412259261123836,
     "99_0": 17.05632056575268,
     "99_9": 62.01946362038166,
     "100_0": 64.51755599118769,
     "mean": 10.615392668172717,
     "unit": "ms"
    },
    "error_rate": 0.0,
    "duration": 11472.223467892036
   },
   {
    "task": "range",
    "operation": "range",
    "throughput": {
     "min": 87.68143050207588,
     "mean": 96.51053767067519,
     "median": 98.57787521831769,
     "max": 99.75371325570624,
     "unit": "ops/s"
    },
    "latency": {
     "50_0": 8.149655535817146,
     "90_0": 9.30328059475869,
     "99_0": 16.6350577888079,
     "99_9": 30.82331987074595,
     "100_0": 32.909908099099994,
     "mean": 8.5989122109022,
     "unit": "ms"
    },
    "service_time": {
     "50_0": 8.149655535817146,
     "90_0": 9.30328059475869,
     "99_0": 16.6350577888079,
     "99_9": 30.82331987074595,
     "100_0": 32.909908099099994,
     "mean": 8.5989122109022,
     "unit": "ms"
    },
    "processing_time": {
     "50_0": 9.410371072590351,
     "90_0": 10.613674111664297,
     "99_0": 17.89385698270051,
     "99_9": 34.06977412849792,
     "100_0": 48.18791802972555,
     "mean": 9.884217800572515,
     "unit": "ms"
    },
    "error_rate": 0.0,
    "duration": 10565.792190143839
   },
   {
    "task": "real_query_1",
    "operation": "real_query_1",
    "throughput": {
     "min": 75.77010480077394,
     "mean": 87.3077703543084,
     "median": 89.05588082914952,
     "max": 90.49257061745318,
     "unit": "ops/s"
    },
    "latency": {
     "50_0": 9.136316482909024,
     "90_0": 10.237935022450984,
     "99_0": 31.737685622647398,
     "99_9": 85.74269961169945,
     "100_0": 88.3986649569124,
     "mean": 9.88267131568864,
     "unit": "ms"
    },
    "service_time": {
     "50_0": 9.136316482909024,
     "90_0": 10.237935022450984,
     "99_0": 31.737685622647398,
     "99_9": 85.74269961169945,
     "100_0": 88.3986649569124,
     "mean": 9.88267131568864,
     "unit": "ms"
    },
    "processing_time": {
     "50_0": 10.375839425250888,
     "90_0": 11.698663048446178,
     "99_0": 32.92259966256096,
     "99_9": 86.95680169505091,
     "100_0": 89.57107202149928,
     "mean": 11.137960918946192,
     "unit": "ms"
    },
    "error_rate": 0.0,
    "duration": 11892.352900933474
   },
   {
    "task": "real_query_2",
    "operation": "real_query_2",
    "throughput": {
     "min": 47.72750412433968,
     "mean": 51.55701804165463,
     "median": 52.07123463348147,
     "max": 52.778442712309285,
     "unit": "ops/s"
    },
    "latency": {
     "50_0": 16.879745526239276,
     "90_0": 18.575676111504436,
     "99_0": 22.711660140194,
     "99_9": 56.66661386005689,