{
 "rally-version": "2.8.0",
 "rally-revision": null,
 "environment": "local",
 "race-id": "db2f41cd-d282-4d1f-b6eb-49a993e2a61c",
 "race-timestamp": "20230729T100753Z",
 "pipeline": "benchmark-only",
 "user-tags": {},
 "track": "nyc_taxis",
 "car": [
  "external"
 ],
 "cluster": {
  "revision": "f67ef2df40237445caa70e2fef79471cc608d70d",
  "distribution-version": "8.6.0",
  "distribution-flavor": "default",
  "team-revision": null
 },
 "results": {
  "op_metrics": [
   {
    "task": "index",
    "operation": "index",
    "throughput": {
     "min": 44290.73486633403,
     "mean": 44890.80341462568,
     "median": 44757.727578029,
     "max": 46366.52283219218,
     "unit": "docs/s"
    },
    "latency": {
     "50_0": 1431.4077899907716,
     "90_0": 1682.8533039661124,
     "99_0": 6965.426717570512,
     "99_9": 10878.525085175748,
     "99_99": 12992.427663987533,
     "100_0": 13216.070224996656,
     "mean": 1667.550788124391,
     "unit": "ms"
    },
    "service_time": {
     "50_0": 1431.4077899907716,
     "90_0": 1682.8533039661124,
     "99_0": 6965.426717570512,
     "99_9": 10878.525085175748,
     "99_99": 12992.427663987533,
     "100_0": 13216.070224996656,
     "mean": 1667.550788124391,
     "unit": "ms"
    },
    "processing_time": {
     "50_0": 1449.8306880122982,
     "90_0": 1702.2159789921716,
     "99_0": 6980.091413017358,
     "99_9": 10901.650738815184,
     "99_99": 13006.076666336188,
     "100_0": 13229.32755004149,
     "mean": 1686.0269929343056,
     "unit": "ms"
    },
    "error_rate": 0.0,
    "duration": 3732035.1967629977
   },
   {
    "task": "default_no_target",
    "operation": "default",
    "throughput": {
     "min": 174.12690997092835,
     "mean": 174.12690997092835,
     "median": 174.12690997092835,
     "max": 174.12690997092835,
     "unit": "ops/s"
    },
    "latency": {
     "50_0": 3.976122010499239,
     "90_0": 4.097616818035021,
     "99_0": 5.031874808482827,
     "100_0": 5.2234220202080905,
     "mean": 4.024053970351815,
     "unit": "ms"
    },
    "service_time": {
     "50_0": 3.976122010499239,
     "90_0": 4.097616818035021,
     "99_0": 5.031874808482827,
     "100_0": 5.2234220202080905,
     "mean": 4.024053970351815,
     "unit": "ms"
    },
    "processing_time": {
     "50_0": 5.130492500029504,
     "90_0": 5.434746836544946,
     "99_0": 6.189369393978271,
     "100_0": 6.634311052039266,
     "mean": 5.221764050074853,
     "unit": "ms"
    },
    "error_rate": 0.0,
    "duration": 831.0006780084223
   },
   {
    "task": "default",
    "operation": "default",
    "throughput": {
     "min": 3.0197722829843507,
     "mean": 3.032239008399304,
     "median": 3.0293029000930676,
     "max": 3.0568745048082913,
     "unit": "ops/s"
    },
    "latency": {
     "50_0": 6.6592004732228816,
     "90_0": 7.143215881660581,
     "99_0": 8.355922902119346,
     "100_0": 8.486665959935635,
     "mean": 6.680869465926662,
     "unit": "ms"
    },
    "service_time": {
     "50_0": 3.9227469824254513,
     "90_0": 4.05361476005055,
     "99_0": 5.021618918981407,
     "100_0": 5.701249989215285,
     "mean": 3.9672875474207103,
     "unit": "ms"
    },
    "processing_time": {
     "50_0": 5.150545999640599,
     "90_0": 5.456236988538876,
     "99_0": 6.581109011895027,
     "100_0": 7.285102969035506,
     "mean": 5.24301070952788,
     "unit": "ms"
    },
    "error_rate": 0.0,
    "duration": 49674.43450901192
   },
   {
    "task": "default_1k",
    "operation": "default_1k",
    "throughput": {
     "min": 3.0160355031796624,
     "mean": 3.0260809062626968,
     "median": 3.023773165567467,
     "max": 3.046059313714009,
     "unit": "ops/s"
    },
    "latency": {
     "50_0": 38.436696340795606,
     "90_0": 39.36879189568572,
     "99_0": 42.065456823911525,
     "100_0": 42.839589703362435,
     "mean": 38.606741587864235,
     "unit": "ms"
    },
    "service_time": {
     "50_0": 35.83458749926649,
     "90_0": 36.42757248599082,
     "99_0": 39.599198434734724,
     "100_0": 41.30392399383709,
     "mean": 36.03614995838143,
     "unit": "ms"
    },
    "processing_time": {
     "50_0": 37.31942200101912,
     "90_0": 38.16650951048359,
     "99_0": 41.31717551266775,
     "100_0": 42.73639200255275,
     "mean": 37.563135378295556,
     "unit": "ms"
    },
    "error_rate": 0.0,
    "duration": 49673.33154298831
   },
   {
    "task": "range",
    "operation": "range",
    "throughput": {
     "min": 0.7832144513730234,
     "mean": 0.875484849659773,
     "median": 0.8844922346040407,
     "max": 0.9250606963305724,
     "unit": "ops/s"
    },
    "latency": {
     "50_0": 977.9477510019206,
     "90_0": 987.8127078001853,
     "99_0": 994.8318982985802,
     "100_0": 999.1425849730149,
     "mean": 978.8264515041374,
     "unit": "ms"
    },
    "service_time": {
     "50_0": 977.9477510019206,
     "90_0": 987.8127078001853,
     "99_0": 994.8318982985802,
     "100_0": 999.1425849730149,
     "mean": 978.8264515041374,
     "unit": "ms"
    },
    "processing_time": {
     "50_0": 979.2546815006062,
     "90_0": 989.2633460985962,
     "99_0": 996.1572547396645,
     "100_0": 1000.6309369928204,
     "mean": 980.067001391435,
     "unit": "ms"
    },
    "error_rate": 0.0,
    "duration": 153647.38570002373
   },
   {
    "task": "distance_amount_agg",
    "operation": "distance_amount_agg",
    "throughput": {
     "min": null,
     "mean": null,
     "median": null,
     "max": null,
     "unit": "ops/s"
    },
    "latency": {
     "50_0": 60998.57882098877,
     "90_0": 61001.9244089257,
     "100_0": 61035.82659800304,
     "mean": 60997.48715362628,
     "unit": "ms"
    },
    "service_time": {
     "50_0": 60998.57882098877,
     "90_0": 61001.9244089257,
     "100_0": 61035.82659800304,
     "mean": 60997.48715362628,
     "unit": "ms"
    },
    "processing_time": {
     "50_0": 61000.34209454316,
     "90_0": 61003.600128990365,
     "100_0": 61037.57950797444,
     "mean": 60999.92927733925,
     "unit": "ms"
    },
    "error_rate": 1.0,
    "duration": 6038441.812888021
   },
   {
    "task": "autohisto_agg",
    "operation": "autohisto_agg",
    "throughput": {
     "min": 0.41767140553929516,
     "mean": 0.46037875494337227,
     "median": 0.46483243839076793,
     "max": 0.48353665159939324,
     "unit": "ops/s"
    },
    "latency": {
     "50_0": 1896.0781230125576,
     "90_0": 1916.0941973270383,
     "99_0": 1937.3925973009318,
     "100_0": 1941.1707650288008,
     "mean": 1898.7783628702164,
     "unit": "ms"
    },
    "service_time": {
     "50_0": 1896.0781230125576,
     "90_0": 1916.0941973270383,
     "99_0": 1937.3925973009318,
     "100_0": 1941.1707650288008,
     "mean": 1898.7783628702164,
     "unit": "ms"
    },
    "processing_time": {
     "50_0": 1897.3182954941876,
     "90_0": 1917.3159549944103,
     "99_0": 1938.9293847972294,
     "100_0": 1942.3708009999245,
     "mean": 1900.0321450375486,
     "unit": "ms"
    },
    "error_rate": 0.0,
    "duration": 296247.25507199764
   },
   {
    "task": "date_histogram_agg",
    "operation": "date_histogram_agg",
    "throughput": {
     "min": 11.164338555996231,
     "mean": 11.170102063092234,
     "median": 11.169819407202455,
     "max": 11.175302155911487,
     "unit": "ops/s"
    },
    "latency": {
     "50_0": 87.86708902334794,
     "90_0": 88.94487582147121,
     "99_0": 90.85432432300877,
     "100_0": 114.87892898730934,
     "mean": 88.18117142468691,
     "unit": "ms"
    },
    "service_time": {
     "50_0": 87.86708902334794,
     "90_0": 88.94487582147121,
     "99_0": 90.85432432300877,
     "100_0": 114.87892898730934,
     "mean": 88.18117142468691,
     "unit": "ms"
    },
    "processing_time": {
     "50_0": 89.11513397470117,
     "90_0": 90.21710591041483,
     "99_0": 92.2805121797137,
     "100_0": 116.00785603513941,
     "mean": 89.39705094578676,
     "unit": "ms"
    },
    "error_rate": 0.0,
    "duration": 89415.90081498725
   }
  ],